image,gt,yolo_det,ensemble_masks,vetoed,yolo_tp,yolo_fp,yolo_fn,ensemble_tp,ensemble_fp,ensemble_fn
010007.jpg,4,3,2,1,3,0,1,2,0,2
010010.jpg,7,6,6,0,4,2,3,4,2,3
010019.jpg,5,4,4,0,4,0,1,4,0,1
010028.jpg,3,2,1,1,2,0,1,1,0,2
010036.jpg,5,4,2,2,4,0,1,2,0,3
010043.jpg,4,4,4,0,2,2,2,2,2,2
010044.jpg,8,9,9,0,7,2,1,7,2,1
010047.jpg,4,3,3,0,3,0,1,3,0,1
010054.jpg,2,2,1,1,2,0,0,1,0,1
010059.jpg,5,4,4,0,3,1,2,3,1,2
010091.jpg,2,2,2,0,2,0,0,2,0,0
010097.jpg,2,2,2,0,1,1,1,1,1,1
010101.jpg,2,1,1,0,1,0,1,1,0,1
010107.jpg,4,2,1,1,2,0,2,1,0,3
010118.jpg,5,5,5,0,3,2,2,3,2,2
010126.jpg,4,3,3,0,3,0,1,3,0,1
010127.jpg,3,2,2,0,2,0,1,2,0,1
010129.jpg,4,3,2,1,3,0,1,2,0,2
010133.jpg,7,5,5,0,4,1,3,4,1,3
010153.jpg,4,3,2,1,2,1,2,2,0,2
010154.jpg,5,3,3,0,3,0,2,3,0,2
010159.jpg,3,3,3,0,3,0,0,3,0,0
010167.jpg,4,4,3,1,3,1,1,3,0,1
010189.jpg,2,2,2,0,2,0,0,2,0,0
010201.jpg,3,3,3,0,3,0,0,3,0,0
010208.jpg,5,5,5,0,5,0,0,5,0,0
010225.jpg,2,2,2,0,2,0,0,2,0,0
010229.jpg,5,4,4,0,3,1,2,3,1,2
010232.jpg,4,4,4,0,2,2,2,2,2,2
010242.jpg,3,3,3,0,3,0,0,3,0,0
010244.jpg,4,3,3,0,3,0,1,3,0,1
010252.jpg,5,4,4,0,4,0,1,4,0,1
010260.jpg,6,3,3,0,2,1,4,2,1,4
010284.jpg,2,3,3,0,2,1,0,2,1,0
010300.jpg,1,1,1,0,1,0,0,1,0,0
010309.jpg,6,7,7,0,6,1,0,6,1,0
010319.jpg,4,3,3,0,3,0,1,3,0,1
010321.jpg,3,3,3,0,3,0,0,3,0,0
010322.jpg,6,5,5,0,5,0,1,5,0,1
010335.jpg,2,2,2,0,2,0,0,2,0,0
010341.jpg,2,2,2,0,2,0,0,2,0,0
010343.jpg,4,6,6,0,4,2,0,4,2,0
010346.jpg,5,4,4,0,3,1,2,3,1,2
010351.jpg,8,7,7,0,7,0,1,7,0,1
010361.jpg,6,5,5,0,4,1,2,4,1,2
010389.jpg,4,3,3,0,3,0,1,3,0,1
010402.jpg,6,4,4,0,2,2,4,2,2,4
010408.jpg,2,2,2,0,2,0,0,2,0,0
010411.jpg,2,2,1,1,2,0,0,1,0,1
010412.jpg,3,3,3,0,3,0,0,3,0,0
010422.jpg,2,2,2,0,1,1,1,1,1,1
010424.jpg,7,5,5,0,5,0,2,5,0,2
010425.jpg,5,6,6,0,5,1,0,5,1,0
010432.jpg,3,3,3,0,3,0,0,3,0,0
010436.jpg,3,2,1,1,2,0,1,1,0,2
010443.jpg,4,2,2,0,1,1,3,1,1,3
010446.jpg,5,3,2,1,2,1,3,2,0,3
010454.jpg,8,7,7,0,7,0,1,7,0,1
010472.jpg,5,5,5,0,5,0,0,5,0,0
010474.jpg,7,3,3,0,3,0,4,3,0,4
010476.jpg,9,9,8,1,7,2,2,7,1,2
010477.jpg,4,4,3,1,4,0,0,3,0,1
010490.jpg,8,5,5,0,4,1,4,4,1,4
010504.jpg,4,3,3,0,3,0,1,3,0,1
010510.jpg,7,6,6,0,5,1,2,5,1,2
010512.jpg,7,7,6,1,7,0,0,6,0,1
010516.jpg,4,3,2,1,3,0,1,2,0,2
010522.jpg,5,5,3,2,4,1,1,3,0,2
010527.jpg,1,1,1,0,1,0,0,1,0,0
010536.jpg,4,4,4,0,4,0,0,4,0,0
010538.jpg,6,6,6,0,4,2,2,4,2,2
010548.jpg,5,4,4,0,4,0,1,4,0,1
010590.jpg,8,6,6,0,5,1,3,5,1,3
010592.jpg,10,9,7,2,6,3,4,6,1,4
020005.jpg,2,2,2,0,2,0,0,2,0,0
020010.jpg,2,0,0,0,0,0,2,0,0,2
020013.jpg,3,3,3,0,2,1,1,2,1,1
020020.jpg,5,6,6,0,4,2,1,4,2,1
020022.jpg,2,1,1,0,1,0,1,1,0,1
020030.jpg,5,4,4,0,4,0,1,4,0,1
020038.jpg,1,1,1,0,1,0,0,1,0,0
020045.jpg,4,5,5,0,4,1,0,4,1,0
020049.jpg,4,4,4,0,2,2,2,2,2,2
020055.jpg,4,4,4,0,4,0,0,4,0,0
020057.jpg,2,1,1,0,1,0,1,1,0,1
020063.jpg,2,1,1,0,1,0,1,1,0,1
020076.jpg,2,2,2,0,2,0,0,2,0,0
020089.jpg,3,3,3,0,3,0,0,3,0,0
020097.jpg,1,1,1,0,1,0,0,1,0,0
020114.jpg,1,1,1,0,1,0,0,1,0,0
020115.jpg,3,3,3,0,3,0,0,3,0,0
020119.jpg,4,5,5,0,3,2,1,3,2,1
020126.jpg,1,1,1,0,0,1,1,0,1,1
020131.jpg,3,3,3,0,3,0,0,3,0,0
020146.jpg,1,0,0,0,0,0,1,0,0,1
020148.jpg,2,1,1,0,1,0,1,1,0,1
020149.jpg,3,3,3,0,3,0,0,3,0,0
020154.jpg,2,2,2,0,2,0,0,2,0,0
020157.jpg,3,3,3,0,3,0,0,3,0,0
020161.jpg,3,2,2,0,2,0,1,2,0,1
020175.jpg,2,2,2,0,2,0,0,2,0,0
020207.jpg,4,4,4,0,4,0,0,4,0,0
020219.jpg,2,1,1,0,1,0,1,1,0,1
020225.jpg,1,1,1,0,1,0,0,1,0,0
020226.jpg,2,2,2,0,2,0,0,2,0,0
020227.jpg,2,2,2,0,2,0,0,2,0,0
020232.jpg,6,6,6,0,6,0,0,6,0,0
020236.jpg,7,5,5,0,5,0,2,5,0,2
020245.jpg,1,1,1,0,1,0,0,1,0,0
020246.jpg,1,1,1,0,1,0,0,1,0,0
020249.jpg,1,1,1,0,1,0,0,1,0,0
020257.jpg,3,2,2,0,1,1,2,1,1,2
020261.jpg,3,3,3,0,3,0,0,3,0,0
020262.jpg,2,2,2,0,1,1,1,1,1,1
020265.jpg,1,1,1,0,1,0,0,1,0,0
020282.jpg,4,4,3,1,4,0,0,3,0,1
020291.jpg,2,1,1,0,1,0,1,1,0,1
020292.jpg,1,1,1,0,1,0,0,1,0,0
020297.jpg,2,2,2,0,2,0,0,2,0,0
020301.jpg,4,4,4,0,4,0,0,4,0,0
020320.jpg,1,1,1,0,0,1,1,0,1,1
020323.jpg,3,2,2,0,2,0,1,2,0,1
020324.jpg,2,2,2,0,1,1,1,1,1,1
020335.jpg,2,2,2,0,2,0,0,2,0,0
020336.jpg,7,5,5,0,5,0,2,5,0,2
020340.jpg,2,2,2,0,2,0,0,2,0,0
020353.jpg,1,1,1,0,1,0,0,1,0,0
020362.jpg,1,1,1,0,1,0,0,1,0,0
020364.jpg,8,9,7,2,5,4,3,5,2,3
020368.jpg,2,2,2,0,2,0,0,2,0,0
020381.jpg,1,1,1,0,1,0,0,1,0,0
020386.jpg,1,1,1,0,1,0,0,1,0,0
020390.jpg,3,2,2,0,2,0,1,2,0,1
020396.jpg,4,3,3,0,3,0,1,3,0,1
020397.jpg,2,2,2,0,2,0,0,2,0,0
020400.jpg,3,3,3,0,3,0,0,3,0,0
020402.jpg,3,3,3,0,3,0,0,3,0,0
020417.jpg,2,2,2,0,2,0,0,2,0,0
020424.jpg,3,2,2,0,2,0,1,2,0,1
020439.jpg,1,1,1,0,1,0,0,1,0,0
020444.jpg,3,2,2,0,2,0,1,2,0,1
020445.jpg,2,2,2,0,2,0,0,2,0,0
020453.jpg,3,2,2,0,2,0,1,2,0,1
020456.jpg,3,3,3,0,3,0,0,3,0,0
020474.jpg,1,2,2,0,1,1,0,1,1,0
020480.jpg,2,1,1,0,1,0,1,1,0,1
020483.jpg,2,2,2,0,2,0,0,2,0,0
020488.jpg,3,3,3,0,2,1,1,2,1,1
030003.jpg,2,5,5,0,2,3,0,2,3,0
030008.jpg,7,7,6,1,6,1,1,6,0,1
030017.jpg,1,1,1,0,1,0,0,1,0,0
030022.jpg,2,1,1,0,1,0,1,1,0,1
030025.jpg,3,4,4,0,3,1,0,3,1,0
030026.jpg,2,2,2,0,2,0,0,2,0,0
030028.jpg,1,1,1,0,0,1,1,0,1,1
030031.jpg,4,4,4,0,3,1,1,3,1,1
030033.jpg,2,1,1,0,1,0,1,1,0,1
030037.jpg,1,1,1,0,1,0,0,1,0,0
030041.jpg,4,1,1,0,1,0,3,1,0,3
030043.jpg,3,5,5,0,3,2,0,3,2,0
030044.jpg,3,3,3,0,3,0,0,3,0,0
030047.jpg,1,1,1,0,1,0,0,1,0,0
030050.jpg,4,4,4,0,4,0,0,4,0,0
030064.jpg,2,2,2,0,2,0,0,2,0,0
030067.jpg,2,2,2,0,1,1,1,1,1,1
030070.jpg,1,1,1,0,1,0,0,1,0,0
030073.jpg,4,4,4,0,3,1,1,3,1,1
030084.jpg,4,3,3,0,3,0,1,3,0,1
030092.jpg,3,3,3,0,3,0,0,3,0,0
030097.jpg,1,2,2,0,1,1,0,1,1,0
030104.jpg,5,5,5,0,4,1,1,4,1,1
030108.jpg,1,1,0,1,1,0,0,0,0,1
030114.jpg,1,1,1,0,1,0,0,1,0,0
030117.jpg,1,1,1,0,1,0,0,1,0,0
030119.jpg,3,4,4,0,3,1,0,3,1,0
030129.jpg,2,2,2,0,2,0,0,2,0,0
030133.jpg,4,4,4,0,4,0,0,4,0,0
030136.jpg,1,1,1,0,1,0,0,1,0,0
030137.jpg,1,1,1,0,1,0,0,1,0,0
030138.jpg,4,4,4,0,4,0,0,4,0,0
030139.jpg,4,4,4,0,2,2,2,2,2,2
030149.jpg,1,3,3,0,1,2,0,1,2,0
030155.jpg,2,2,2,0,2,0,0,2,0,0
030161.jpg,3,3,3,0,3,0,0,3,0,0
030168.jpg,1,1,1,0,1,0,0,1,0,0
030173.jpg,1,1,1,0,1,0,0,1,0,0
030179.jpg,1,1,1,0,1,0,0,1,0,0
030192.jpg,2,2,2,0,2,0,0,2,0,0
030194.jpg,1,1,1,0,0,1,1,0,1,1
030195.jpg,7,6,6,0,6,0,1,6,0,1
030197.jpg,6,4,4,0,4,0,2,4,0,2
030211.jpg,2,2,2,0,2,0,0,2,0,0
030216.jpg,2,1,1,0,1,0,1,1,0,1
030219.jpg,3,3,3,0,3,0,0,3,0,0
030221.jpg,2,1,0,1,1,0,1,0,0,2
030224.jpg,2,2,2,0,2,0,0,2,0,0
030227.jpg,4,4,4,0,4,0,0,4,0,0
030234.jpg,5,4,4,0,4,0,1,4,0,1
030239.jpg,4,2,2,0,0,2,4,0,2,4
030240.jpg,4,2,1,1,2,0,2,1,0,3
030245.jpg,2,2,2,0,2,0,0,2,0,0
030247.jpg,4,4,4,0,3,1,1,3,1,1
030279.jpg,3,3,3,0,2,1,1,2,1,1
030285.jpg,3,3,3,0,3,0,0,3,0,0
030292.jpg,1,1,1,0,1,0,0,1,0,0
030293.jpg,2,1,1,0,1,0,1,1,0,1
030295.jpg,5,5,5,0,4,1,1,4,1,1
030300.jpg,6,2,2,0,2,0,4,2,0,4
030303.jpg,1,1,1,0,1,0,0,1,0,0
030307.jpg,6,3,3,0,2,1,4,2,1,4
030308.jpg,2,3,3,0,2,1,0,2,1,0
030324.jpg,3,3,3,0,3,0,0,3,0,0
030329.jpg,3,2,1,1,2,0,1,1,0,2
030347.jpg,1,1,1,0,1,0,0,1,0,0
030348.jpg,2,3,2,1,2,1,0,2,0,0
030381.jpg,6,5,5,0,5,0,1,5,0,1
030384.jpg,1,1,1,0,1,0,0,1,0,0
030385.jpg,3,3,2,1,3,0,0,2,0,1
030394.jpg,3,3,3,0,3,0,0,3,0,0
030399.jpg,3,2,2,0,2,0,1,2,0,1
030401.jpg,3,3,3,0,2,1,1,2,1,1
030406.jpg,1,1,1,0,1,0,0,1,0,0
030408.jpg,4,2,2,0,2,0,2,2,0,2
030417.jpg,1,1,1,0,1,0,0,1,0,0
030424.jpg,4,4,3,1,4,0,0,3,0,1
030429.jpg,4,4,4,0,4,0,0,4,0,0
030432.jpg,4,3,3,0,3,0,1,3,0,1
030433.jpg,4,4,4,0,4,0,0,4,0,0
030435.jpg,3,3,3,0,2,1,1,2,1,1
030436.jpg,5,5,5,0,5,0,0,5,0,0
030440.jpg,6,5,5,0,5,0,1,5,0,1
030450.jpg,6,5,5,0,5,0,1,5,0,1
030453.jpg,4,4,4,0,3,1,1,3,1,1
030462.jpg,4,4,4,0,4,0,0,4,0,0
040013.jpg,3,3,3,0,2,1,1,2,1,1
040015.jpg,3,3,3,0,3,0,0,3,0,0
040019.jpg,2,2,2,0,2,0,0,2,0,0
040022.jpg,1,1,1,0,0,1,1,0,1,1
040023.jpg,5,5,5,0,5,0,0,5,0,0
040035.jpg,3,3,3,0,2,1,1,2,1,1
040044.jpg,4,4,4,0,3,1,1,3,1,1
040054.jpg,6,6,5,1,6,0,0,5,0,1
040056.jpg,1,1,1,0,1,0,0,1,0,0
040057.jpg,5,5,5,0,3,2,2,3,2,2
040059.jpg,2,2,2,0,1,1,1,1,1,1
040065.jpg,1,1,1,0,1,0,0,1,0,0
040070.jpg,4,4,4,0,3,1,1,3,1,1
040076.jpg,1,1,1,0,1,0,0,1,0,0
040078.jpg,4,4,4,0,3,1,1,3,1,1
040079.jpg,2,2,2,0,2,0,0,2,0,0
040086.jpg,3,3,3,0,3,0,0,3,0,0
040089.jpg,4,3,3,0,3,0,1,3,0,1
040101.jpg,6,6,5,1,6,0,0,5,0,1
040106.jpg,6,6,6,0,6,0,0,6,0,0
040111.jpg,2,2,2,0,2,0,0,2,0,0
040112.jpg,10,9,8,1,9,0,1,8,0,2
040116.jpg,5,5,5,0,4,1,1,4,1,1
040127.jpg,8,8,6,2,7,1,1,6,0,2
040129.jpg,4,4,4,0,3,1,1,3,1,1
040145.jpg,1,1,1,0,1,0,0,1,0,0
040161.jpg,3,3,3,0,3,0,0,3,0,0
040166.jpg,3,3,3,0,3,0,0,3,0,0
040175.jpg,1,1,1,0,1,0,0,1,0,0
040178.jpg,4,4,4,0,4,0,0,4,0,0
040179.jpg,3,3,3,0,3,0,0,3,0,0
040185.jpg,3,3,3,0,3,0,0,3,0,0
040200.jpg,3,3,3,0,3,0,0,3,0,0
040203.jpg,5,5,5,0,4,1,1,4,1,1
040205.jpg,2,2,1,1,2,0,0,1,0,1
040207.jpg,2,2,2,0,2,0,0,2,0,0
040208.jpg,6,6,4,2,6,0,0,4,0,2
040218.jpg,2,2,2,0,2,0,0,2,0,0
040222.jpg,1,1,1,0,1,0,0,1,0,0
040228.jpg,4,4,4,0,4,0,0,4,0,0
040233.jpg,2,2,2,0,2,0,0,2,0,0
040248.jpg,4,4,4,0,4,0,0,4,0,0
040256.jpg,4,4,4,0,3,1,1,3,1,1
040259.jpg,2,2,1,1,2,0,0,1,0,1
040264.jpg,1,1,1,0,1,0,0,1,0,0
040290.jpg,1,1,1,0,1,0,0,1,0,0
040294.jpg,4,4,4,0,4,0,0,4,0,0
040296.jpg,1,1,1,0,1,0,0,1,0,0
040300.jpg,2,2,2,0,2,0,0,2,0,0
040301.jpg,12,11,11,0,11,0,1,11,0,1
040306.jpg,4,4,4,0,4,0,0,4,0,0
040308.jpg,9,9,9,0,9,0,0,9,0,0
040312.jpg,3,3,3,0,3,0,0,3,0,0
040314.jpg,8,8,8,0,8,0,0,8,0,0
040318.jpg,11,10,10,0,10,0,1,10,0,1
040319.jpg,8,4,4,0,3,1,5,3,1,5
040321.jpg,10,10,10,0,8,2,2,8,2,2
040323.jpg,4,4,4,0,4,0,0,4,0,0
040326.jpg,2,2,2,0,2,0,0,2,0,0
040331.jpg,4,4,4,0,2,2,2,2,2,2
040334.jpg,3,3,3,0,3,0,0,3,0,0
040343.jpg,6,5,5,0,4,1,2,4,1,2
040356.jpg,3,3,3,0,3,0,0,3,0,0
040372.jpg,5,5,5,0,5,0,0,5,0,0
040390.jpg,6,6,6,0,6,0,0,6,0,0
040396.jpg,4,4,3,1,4,0,0,3,0,1
040397.jpg,7,7,7,0,7,0,0,7,0,0
040408.jpg,5,5,5,0,4,1,1,4,1,1
040414.jpg,3,3,3,0,3,0,0,3,0,0
040415.jpg,4,3,3,0,3,0,1,3,0,1
040420.jpg,4,5,5,0,4,1,0,4,1,0
040421.jpg,1,1,1,0,1,0,0,1,0,0
040434.jpg,4,4,4,0,3,1,1,3,1,1
040435.jpg,5,5,5,0,5,0,0,5,0,0
040457.jpg,5,3,3,0,2,1,3,2,1,3
040470.jpg,3,3,3,0,3,0,0,3,0,0
040474.jpg,4,4,3,1,2,2,2,2,1,2
050003.jpg,1,1,1,0,1,0,0,1,0,0
050018.jpg,8,6,6,0,6,0,2,6,0,2
050021.jpg,2,2,2,0,2,0,0,2,0,0
050025.jpg,2,2,2,0,2,0,0,2,0,0
050026.jpg,2,2,2,0,2,0,0,2,0,0
050031.jpg,6,4,4,0,3,1,3,3,1,3
050034.jpg,9,7,7,0,5,2,4,5,2,4
050043.jpg,7,6,6,0,4,2,3,4,2,3
050046.jpg,3,3,3,0,2,1,1,2,1,1
050049.jpg,1,1,1,0,0,1,1,0,1,1
050051.jpg,5,4,4,0,3,1,2,3,1,2
050061.jpg,2,2,2,0,2,0,0,2,0,0
050070.jpg,6,6,6,0,5,1,1,5,1,1
050074.jpg,4,4,4,0,3,1,1,3,1,1
050087.jpg,6,7,7,0,5,2,1,5,2,1
050089.jpg,1,2,2,0,1,1,0,1,1,0
050101.jpg,3,3,3,0,3,0,0,3,0,0
050102.jpg,3,3,3,0,3,0,0,3,0,0
050104.jpg,3,0,0,0,0,0,3,0,0,3
050105.jpg,5,5,5,0,5,0,0,5,0,0
050111.jpg,4,3,3,0,3,0,1,3,0,1
050117.jpg,3,3,3,0,3,0,0,3,0,0
050123.jpg,3,3,3,0,3,0,0,3,0,0
050125.jpg,2,1,1,0,0,1,2,0,1,2
050128.jpg,4,4,4,0,4,0,0,4,0,0
050142.jpg,6,5,5,0,4,1,2,4,1,2
050158.jpg,2,2,2,0,2,0,0,2,0,0
050180.jpg,3,3,3,0,2,1,1,2,1,1
050181.jpg,1,1,1,0,1,0,0,1,0,0
050194.jpg,3,3,2,1,3,0,0,2,0,1
050198.jpg,2,2,2,0,2,0,0,2,0,0
050206.jpg,1,1,1,0,1,0,0,1,0,0
050211.jpg,4,4,4,0,3,1,1,3,1,1
050224.jpg,5,4,2,2,3,1,2,2,0,3
050225.jpg,7,7,7,0,7,0,0,7,0,0
050244.jpg,5,5,5,0,4,1,1,4,1,1
050245.jpg,5,5,5,0,4,1,1,4,1,1
050248.jpg,3,2,2,0,2,0,1,2,0,1
050254.jpg,2,2,2,0,2,0,0,2,0,0
050264.jpg,3,3,3,0,3,0,0,3,0,0
050275.jpg,2,2,2,0,2,0,0,2,0,0
050282.jpg,6,6,6,0,6,0,0,6,0,0
050288.jpg,6,5,5,0,5,0,1,5,0,1
050298.jpg,5,4,4,0,4,0,1,4,0,1
050302.jpg,3,2,2,0,2,0,1,2,0,1
050305.jpg,3,2,2,0,1,1,2,1,1,2
050319.jpg,1,1,1,0,0,1,1,0,1,1
050327.jpg,1,1,1,0,1,0,0,1,0,0
050328.jpg,8,4,4,0,3,1,5,3,1,5
050343.jpg,2,2,2,0,2,0,0,2,0,0
050357.jpg,4,4,4,0,4,0,0,4,0,0
050372.jpg,1,1,1,0,0,1,1,0,1,1
050375.jpg,6,4,3,1,4,0,2,3,0,3
050377.jpg,6,4,4,0,3,1,3,3,1,3
050384.jpg,5,3,3,0,3,0,2,3,0,2
050388.jpg,4,4,4,0,3,1,1,3,1,1
050392.jpg,2,2,2,0,2,0,0,2,0,0
050399.jpg,4,4,4,0,3,1,1,3,1,1
050400.jpg,3,3,3,0,3,0,0,3,0,0
050402.jpg,3,3,3,0,3,0,0,3,0,0
050421.jpg,2,2,2,0,2,0,0,2,0,0
060001.jpg,2,2,2,0,2,0,0,2,0,0
060003.jpg,6,4,3,1,3,1,3,3,0,3
060015.jpg,3,2,2,0,2,0,1,2,0,1
060022.jpg,3,2,2,0,2,0,1,2,0,1
060026.jpg,7,7,7,0,6,1,1,6,1,1
060030.jpg,7,4,3,1,3,1,4,3,0,4
060033.jpg,6,3,3,0,2,1,4,2,1,4
060034.jpg,2,2,1,1,2,0,0,1,0,1
060036.jpg,3,2,2,0,1,1,2,1,1,2
060052.jpg,3,2,2,0,1,1,2,1,1,2
060057.jpg,2,2,2,0,2,0,0,2,0,0
060059.jpg,6,4,4,0,3,1,3,3,1,3
060061.jpg,6,5,5,0,5,0,1,5,0,1
060062.jpg,5,5,5,0,3,2,2,3,2,2
060065.jpg,4,5,5,0,4,1,0,4,1,0
060066.jpg,2,2,2,0,0,2,2,0,2,2
060068.jpg,3,1,1,0,0,1,3,0,1,3
060076.jpg,2,2,2,0,2,0,0,2,0,0
060077.jpg,2,2,2,0,2,0,0,2,0,0
060079.jpg,3,2,2,0,1,1,2,1,1,2
060094.jpg,2,1,1,0,1,0,1,1,0,1
060103.jpg,4,2,2,0,2,0,2,2,0,2
060108.jpg,3,1,1,0,1,0,2,1,0,2
060109.jpg,4,2,2,0,2,0,2,2,0,2
060114.jpg,1,1,1,0,1,0,0,1,0,0
060118.jpg,6,5,4,1,4,1,2,3,1,3
060121.jpg,4,4,4,0,4,0,0,4,0,0
060124.jpg,5,5,5,0,5,0,0,5,0,0
060130.jpg,2,2,2,0,1,1,1,1,1,1
060137.jpg,4,5,5,0,4,1,0,4,1,0
060138.jpg,3,2,1,1,2,0,1,1,0,2
060145.jpg,5,6,6,0,4,2,1,4,2,1
060151.jpg,1,1,1,0,1,0,0,1,0,0
060164.jpg,2,0,0,0,0,0,2,0,0,2
060176.jpg,2,2,2,0,2,0,0,2,0,0
060177.jpg,3,2,2,0,1,1,2,1,1,2
060188.jpg,2,2,2,0,1,1,1,1,1,1
060192.jpg,5,2,1,1,2,0,3,1,0,4
060194.jpg,5,4,4,0,2,2,3,2,2,3
060207.jpg,2,2,2,0,2,0,0,2,0,0
060213.jpg,3,3,3,0,3,0,0,3,0,0
060225.jpg,1,2,2,0,0,2,1,0,2,1
060227.jpg,2,2,2,0,2,0,0,2,0,0
060234.jpg,7,6,6,0,5,1,2,5,1,2
060235.jpg,4,3,3,0,2,1,2,2,1,2
060242.jpg,7,5,5,0,4,1,3,4,1,3
060248.jpg,2,2,2,0,2,0,0,2,0,0
060254.jpg,4,4,4,0,2,2,2,2,2,2
060255.jpg,4,3,3,0,2,1,2,2,1,2
060279.jpg,7,6,6,0,5,1,2,5,1,2
060284.jpg,3,3,3,0,3,0,0,3,0,0
060310.jpg,2,1,1,0,1,0,1,1,0,1
060315.jpg,3,2,2,0,1,1,2,1,1,2
060333.jpg,3,3,3,0,2,1,1,2,1,1
060345.jpg,4,4,3,1,2,2,2,2,1,2
060357.jpg,2,1,1,0,1,0,1,1,0,1
060372.jpg,3,1,1,0,1,0,2,1,0,2
060377.jpg,4,5,5,0,4,1,0,4,1,0
060381.jpg,3,3,3,0,3,0,0,3,0,0
060384.jpg,2,2,2,0,2,0,0,2,0,0
060388.jpg,8,8,8,0,7,1,1,7,1,1
060398.jpg,3,2,2,0,1,1,2,1,1,2
060400.jpg,5,4,3,1,3,1,2,3,0,2
060407.jpg,4,2,2,0,2,0,2,2,0,2
060408.jpg,3,3,3,0,1,2,2,1,2,2
060411.jpg,3,3,3,0,0,3,3,0,3,3
060415.jpg,3,2,2,0,1,1,2,1,1,2
060430.jpg,3,3,3,0,2,1,1,2,1,1
060432.jpg,4,4,2,2,4,0,0,2,0,2
060455.jpg,4,2,2,0,1,1,3,1,1,3
060457.jpg,2,2,2,0,2,0,0,2,0,0
060468.jpg,5,6,5,1,5,1,0,5,0,0
060469.jpg,6,5,5,0,5,0,1,5,0,1
060480.jpg,2,2,2,0,2,0,0,2,0,0
060483.jpg,3,2,2,0,1,1,2,1,1,2
060485.jpg,1,1,1,0,1,0,0,1,0,0
060492.jpg,3,1,1,0,1,0,2,1,0,2
060502.jpg,6,5,5,0,5,0,1,5,0,1
060503.jpg,2,0,0,0,0,0,2,0,0,2
060507.jpg,5,4,4,0,3,1,2,3,1,2
060509.jpg,3,2,2,0,1,1,2,1,1,2
070021.jpg,1,1,1,0,1,0,0,1,0,0
070035.jpg,3,4,4,0,3,1,0,3,1,0
070048.jpg,1,1,1,0,1,0,0,1,0,0
070059.jpg,3,2,2,0,2,0,1,2,0,1
070088.jpg,1,1,1,0,1,0,0,1,0,0
070099.jpg,1,1,1,0,1,0,0,1,0,0
070105.jpg,1,1,1,0,1,0,0,1,0,0
070124.jpg,4,3,2,1,3,0,1,2,0,2
070126.jpg,2,2,2,0,2,0,0,2,0,0
070129.jpg,1,1,1,0,1,0,0,1,0,0
070130.jpg,2,2,2,0,2,0,0,2,0,0
070131.jpg,3,3,3,0,2,1,1,2,1,1
070134.jpg,3,2,2,0,1,1,2,1,1,2
070137.jpg,4,4,4,0,4,0,0,4,0,0
070145.jpg,5,5,4,1,5,0,0,4,0,1
070153.jpg,3,2,2,0,0,2,3,0,2,3
070154.jpg,2,2,2,0,2,0,0,2,0,0
070158.jpg,4,3,3,0,3,0,1,3,0,1
070160.jpg,4,4,4,0,4,0,0,4,0,0
070165.jpg,3,3,2,1,3,0,0,2,0,1
070170.jpg,1,1,1,0,1,0,0,1,0,0
070179.jpg,1,1,1,0,1,0,0,1,0,0
070191.jpg,2,1,1,0,1,0,1,1,0,1
070195.jpg,6,3,3,0,3,0,3,3,0,3
070200.jpg,9,6,6,0,6,0,3,6,0,3
070244.jpg,2,2,2,0,2,0,0,2,0,0
070248.jpg,3,2,2,0,2,0,1,2,0,1
070257.jpg,4,3,3,0,3,0,1,3,0,1
070265.jpg,2,2,2,0,2,0,0,2,0,0
070273.jpg,3,3,3,0,3,0,0,3,0,0
070274.jpg,8,6,6,0,6,0,2,6,0,2
070278.jpg,6,6,6,0,6,0,0,6,0,0
070279.jpg,3,2,2,0,1,1,2,1,1,2
070282.jpg,1,1,1,0,1,0,0,1,0,0
070285.jpg,2,2,2,0,2,0,0,2,0,0
070305.jpg,2,2,2,0,2,0,0,2,0,0
070312.jpg,2,2,2,0,2,0,0,2,0,0
070352.jpg,2,2,2,0,2,0,0,2,0,0
070363.jpg,7,6,5,1,6,0,1,5,0,2
070366.jpg,6,7,7,0,6,1,0,6,1,0
070379.jpg,1,1,1,0,1,0,0,1,0,0
070405.jpg,3,3,3,0,3,0,0,3,0,0
070411.jpg,4,3,3,0,3,0,1,3,0,1
070421.jpg,2,1,1,0,1,0,1,1,0,1
070449.jpg,1,1,0,1,1,0,0,0,0,1
080004.jpg,2,1,1,0,0,1,2,0,1,2
080006.jpg,6,5,5,0,3,2,3,3,2,3
080013.jpg,2,2,2,0,2,0,0,2,0,0
080019.jpg,1,0,0,0,0,0,1,0,0,1
080020.jpg,5,1,1,0,1,0,4,1,0,4
080023.jpg,3,3,3,0,3,0,0,3,0,0
080030.jpg,2,1,1,0,1,0,1,1,0,1
080033.jpg,3,3,3,0,2,1,1,2,1,1
080038.jpg,2,2,2,0,2,0,0,2,0,0
080046.jpg,2,2,1,1,1,1,1,1,0,1
080048.jpg,3,3,3,0,2,1,1,2,1,1
080055.jpg,4,4,4,0,4,0,0,4,0,0
080064.jpg,1,1,1,0,1,0,0,1,0,0
080065.jpg,1,1,1,0,1,0,0,1,0,0
080068.jpg,8,7,7,0,5,2,3,5,2,3
080072.jpg,5,5,4,1,4,1,1,3,1,2
080073.jpg,3,2,2,0,2,0,1,2,0,1
080085.jpg,3,3,3,0,2,1,1,2,1,1
080087.jpg,4,3,3,0,2,1,2,2,1,2
080090.jpg,6,4,4,0,4,0,2,4,0,2
080094.jpg,1,1,1,0,1,0,0,1,0,0
080101.jpg,7,4,4,0,4,0,3,4,0,3
080109.jpg,4,3,3,0,3,0,1,3,0,1
080123.jpg,3,3,3,0,2,1,1,2,1,1
080130.jpg,3,3,3,0,2,1,1,2,1,1
080135.jpg,4,4,4,0,3,1,1,3,1,1
080146.jpg,3,3,3,0,2,1,1,2,1,1
080149.jpg,5,5,5,0,5,0,0,5,0,0
080152.jpg,3,4,4,0,2,2,1,2,2,1
080157.jpg,7,7,7,0,6,1,1,6,1,1
080159.jpg,4,4,4,0,2,2,2,2,2,2
080162.jpg,1,1,1,0,1,0,0,1,0,0
080174.jpg,4,4,4,0,3,1,1,3,1,1
080177.jpg,3,2,2,0,1,1,2,1,1,2
080178.jpg,5,4,3,1,4,0,1,3,0,2
080179.jpg,1,1,1,0,0,1,1,0,1,1
080192.jpg,4,4,4,0,2,2,2,2,2,2
080195.jpg,6,5,4,1,5,0,1,4,0,2
080196.jpg,2,2,2,0,1,1,1,1,1,1
080210.jpg,5,6,6,0,3,3,2,3,3,2
080218.jpg,2,1,1,0,1,0,1,1,0,1
080223.jpg,4,4,3,1,2,2,2,2,1,2
080239.jpg,1,1,1,0,0,1,1,0,1,1
080240.jpg,2,2,2,0,1,1,1,1,1,1
080246.jpg,5,4,4,0,3,1,2,3,1,2
080247.jpg,3,4,4,0,3,1,0,3,1,0
080249.jpg,1,0,0,0,0,0,1,0,0,1
080262.jpg,2,3,3,0,2,1,0,2,1,0
080263.jpg,4,4,4,0,3,1,1,3,1,1
080271.jpg,1,1,1,0,1,0,0,1,0,0
080277.jpg,5,3,3,0,2,1,3,2,1,3
080293.jpg,1,2,2,0,1,1,0,1,1,0
080294.jpg,9,8,8,0,7,1,2,7,1,2
080299.jpg,2,3,3,0,1,2,1,1,2,1
080309.jpg,1,1,1,0,1,0,0,1,0,0
080316.jpg,4,4,4,0,4,0,0,4,0,0
080318.jpg,4,4,4,0,4,0,0,4,0,0
080336.jpg,4,2,2,0,2,0,2,2,0,2
080343.jpg,4,3,3,0,3,0,1,3,0,1
080354.jpg,3,3,3,0,3,0,0,3,0,0
080358.jpg,2,2,2,0,1,1,1,1,1,1
080370.jpg,4,2,2,0,0,2,4,0,2,4
080377.jpg,3,3,3,0,3,0,0,3,0,0
080381.jpg,2,2,2,0,1,1,1,1,1,1
080384.jpg,3,1,1,0,0,1,3,0,1,3
080391.jpg,1,1,1,0,1,0,0,1,0,0
080393.jpg,1,1,1,0,1,0,0,1,0,0
080397.jpg,3,3,3,0,3,0,0,3,0,0
080409.jpg,6,5,5,0,5,0,1,5,0,1
080414.jpg,1,1,1,0,1,0,0,1,0,0
080416.jpg,1,1,1,0,1,0,0,1,0,0
080421.jpg,2,2,2,0,1,1,1,1,1,1
080436.jpg,2,2,2,0,2,0,0,2,0,0
080439.jpg,2,2,2,0,1,1,1,1,1,1
080440.jpg,1,1,1,0,1,0,0,1,0,0
080446.jpg,3,2,2,0,1,1,2,1,1,2
080454.jpg,2,2,2,0,2,0,0,2,0,0
080459.jpg,3,2,2,0,2,0,1,2,0,1
080466.jpg,4,2,2,0,2,0,2,2,0,2
080467.jpg,4,4,4,0,4,0,0,4,0,0
080476.jpg,4,4,4,0,3,1,1,3,1,1
080478.jpg,2,2,2,0,2,0,0,2,0,0
080480.jpg,2,0,0,0,0,0,2,0,0,2
080487.jpg,4,3,3,0,2,1,2,2,1,2
080488.jpg,7,3,3,0,3,0,4,3,0,4
080491.jpg,3,3,3,0,1,2,2,1,2,2
080497.jpg,3,3,3,0,2,1,1,2,1,1
080505.jpg,9,8,8,0,7,1,2,7,1,2
080513.jpg,3,3,3,0,1,2,2,1,2,2
080514.jpg,2,2,2,0,2,0,0,2,0,0
080522.jpg,4,4,4,0,3,1,1,3,1,1
080546.jpg,4,3,3,0,3,0,1,3,0,1
080549.jpg,3,4,4,0,3,1,0,3,1,0
080554.jpg,2,2,2,0,1,1,1,1,1,1
080558.jpg,2,2,2,0,2,0,0,2,0,0
080561.jpg,1,1,1,0,1,0,0,1,0,0
080563.jpg,4,2,2,0,2,0,2,2,0,2
080565.jpg,3,3,3,0,3,0,0,3,0,0
080569.jpg,1,1,1,0,1,0,0,1,0,0
080571.jpg,3,3,3,0,3,0,0,3,0,0
080579.jpg,1,1,1,0,1,0,0,1,0,0
080580.jpg,5,3,3,0,1,2,4,1,2,4
080581.jpg,4,4,4,0,3,1,1,3,1,1
080591.jpg,5,5,5,0,4,1,1,4,1,1
080602.jpg,1,1,1,0,1,0,0,1,0,0
080609.jpg,2,3,3,0,2,1,0,2,1,0
080619.jpg,2,2,2,0,2,0,0,2,0,0
080620.jpg,1,1,1,0,1,0,0,1,0,0
080628.jpg,6,6,6,0,6,0,0,6,0,0
080630.jpg,5,3,3,0,1,2,4,1,2,4
080634.jpg,1,1,1,0,1,0,0,1,0,0
080635.jpg,2,2,1,1,2,0,0,1,0,1
080642.jpg,2,2,2,0,1,1,1,1,1,1
080651.jpg,6,4,4,0,3,1,3,3,1,3
080657.jpg,6,3,3,0,2,1,4,2,1,4
080661.jpg,4,2,2,0,0,2,4,0,2,4
080666.jpg,3,1,1,0,0,1,3,0,1,3
080671.jpg,7,7,6,1,7,0,0,6,0,1
080675.jpg,5,2,2,0,1,1,4,1,1,4
080683.jpg,4,4,4,0,2,2,2,2,2,2
080687.jpg,4,3,3,0,3,0,1,3,0,1
080688.jpg,3,2,2,0,2,0,1,2,0,1
080697.jpg,4,4,4,0,2,2,2,2,2,2
080702.jpg,4,3,3,0,2,1,2,2,1,2
080704.jpg,2,1,1,0,1,0,1,1,0,1
080705.jpg,3,3,3,0,3,0,0,3,0,0
080731.jpg,5,3,3,0,1,2,4,1,2,4
080743.jpg,1,1,1,0,0,1,1,0,1,1
080746.jpg,8,7,7,0,6,1,2,6,1,2
080753.jpg,3,3,3,0,3,0,0,3,0,0
080756.jpg,3,3,3,0,1,2,2,1,2,2
080763.jpg,1,1,1,0,1,0,0,1,0,0
080768.jpg,2,2,2,0,0,2,2,0,2,2
080780.jpg,3,2,2,0,1,1,2,1,1,2
080803.jpg,8,5,5,0,4,1,4,4,1,4
080817.jpg,1,1,1,0,0,1,1,0,1,1
080833.jpg,7,4,4,0,4,0,3,4,0,3
080843.jpg,3,3,3,0,2,1,1,2,1,1
080850.jpg,1,2,2,0,1,1,0,1,1,0
080862.jpg,2,2,2,0,2,0,0,2,0,0
080866.jpg,3,3,3,0,2,1,1,2,1,1
080876.jpg,5,3,3,0,3,0,2,3,0,2
080887.jpg,4,2,2,0,2,0,2,2,0,2
080897.jpg,1,1,1,0,1,0,0,1,0,0
080904.jpg,9,8,8,0,7,1,2,7,1,2
080905.jpg,8,8,8,0,7,1,1,7,1,1
080906.jpg,2,2,2,0,2,0,0,2,0,0
080907.jpg,2,2,2,0,2,0,0,2,0,0
080911.jpg,3,3,3,0,3,0,0,3,0,0
080914.jpg,3,2,2,0,2,0,1,2,0,1
080917.jpg,1,0,0,0,0,0,1,0,0,1
080919.jpg,6,5,4,1,4,1,2,4,0,2
080921.jpg,3,3,3,0,3,0,0,3,0,0
080923.jpg,4,4,4,0,2,2,2,2,2,2
080924.jpg,3,4,4,0,2,2,1,2,2,1
080943.jpg,8,7,7,0,6,1,2,6,1,2
080946.jpg,5,3,3,0,3,0,2,3,0,2
080947.jpg,2,2,2,0,2,0,0,2,0,0
080949.jpg,2,2,2,0,1,1,1,1,1,1
080953.jpg,1,2,2,0,1,1,0,1,1,0
080958.jpg,3,2,2,0,1,1,2,1,1,2
080969.jpg,6,6,6,0,6,0,0,6,0,0
080987.jpg,9,6,6,0,6,0,3,6,0,3
080994.jpg,2,2,2,0,1,1,1,1,1,1
080997.jpg,5,4,4,0,3,1,2,3,1,2
081010.jpg,1,1,1,0,1,0,0,1,0,0
081023.jpg,4,3,3,0,2,1,2,2,1,2
081030.jpg,2,1,1,0,0,1,2,0,1,2
081032.jpg,1,1,1,0,1,0,0,1,0,0
081034.jpg,3,3,3,0,2,1,1,2,1,1
081037.jpg,4,4,4,0,3,1,1,3,1,1
081043.jpg,5,4,4,0,3,1,2,3,1,2
081047.jpg,2,2,2,0,1,1,1,1,1,1
081049.jpg,2,2,2,0,2,0,0,2,0,0
081051.jpg,6,5,5,0,4,1,2,4,1,2
081066.jpg,6,6,6,0,6,0,0,6,0,0
081069.jpg,2,2,2,0,1,1,1,1,1,1
081071.jpg,4,4,4,0,2,2,2,2,2,2
081072.jpg,6,5,5,0,5,0,1,5,0,1
081077.jpg,5,4,4,0,3,1,2,3,1,2
081078.jpg,1,1,1,0,0,1,1,0,1,1
081092.jpg,3,3,3,0,3,0,0,3,0,0
081098.jpg,4,4,4,0,2,2,2,2,2,2
081102.jpg,5,3,3,0,3,0,2,3,0,2
081105.jpg,1,1,1,0,0,1,1,0,1,1
081114.jpg,2,2,2,0,2,0,0,2,0,0
081115.jpg,2,2,2,0,1,1,1,1,1,1
081124.jpg,1,0,0,0,0,0,1,0,0,1
081126.jpg,2,3,3,0,2,1,0,2,1,0
081129.jpg,1,1,1,0,1,0,0,1,0,0
081130.jpg,2,2,2,0,2,0,0,2,0,0
081134.jpg,4,4,4,0,4,0,0,4,0,0
081135.jpg,3,3,3,0,3,0,0,3,0,0
081136.jpg,8,6,6,0,5,1,3,5,1,3
081141.jpg,3,2,2,0,2,0,1,2,0,1
081145.jpg,4,4,4,0,3,1,1,3,1,1
081153.jpg,4,4,3,1,3,1,1,3,0,1
081155.jpg,3,3,3,0,2,1,1,2,1,1
081188.jpg,2,3,3,0,0,3,2,0,3,2
081204.jpg,4,4,4,0,3,1,1,3,1,1
081206.jpg,2,2,2,0,2,0,0,2,0,0
081208.jpg,4,4,4,0,2,2,2,2,2,2
081212.jpg,2,1,1,0,0,1,2,0,1,2
081221.jpg,4,4,4,0,3,1,1,3,1,1
081227.jpg,2,1,1,0,1,0,1,1,0,1
081230.jpg,3,3,3,0,3,0,0,3,0,0
081241.jpg,4,3,3,0,3,0,1,3,0,1
081245.jpg,5,5,5,0,3,2,2,3,2,2
081253.jpg,6,2,2,0,2,0,4,2,0,4
081261.jpg,1,3,3,0,1,2,0,1,2,0
081272.jpg,6,3,3,0,2,1,4,2,1,4
081275.jpg,2,1,1,0,1,0,1,1,0,1
081280.jpg,3,3,3,0,1,2,2,1,2,2
081284.jpg,1,0,0,0,0,0,1,0,0,1
081291.jpg,1,1,1,0,1,0,0,1,0,0
081292.jpg,2,2,2,0,2,0,0,2,0,0
081294.jpg,5,5,5,0,5,0,0,5,0,0
081300.jpg,2,2,2,0,2,0,0,2,0,0
081313.jpg,1,1,1,0,1,0,0,1,0,0
081314.jpg,2,2,2,0,2,0,0,2,0,0
081315.jpg,2,2,2,0,2,0,0,2,0,0
081343.jpg,4,2,2,0,2,0,2,2,0,2
081353.jpg,1,1,1,0,0,1,1,0,1,1
081358.jpg,4,3,3,0,3,0,1,3,0,1
081375.jpg,1,1,1,0,1,0,0,1,0,0
081378.jpg,4,4,4,0,2,2,2,2,2,2
081380.jpg,5,3,2,1,2,1,3,2,0,3
081392.jpg,3,2,2,0,2,0,1,2,0,1
081403.jpg,2,2,2,0,1,1,1,1,1,1
081407.jpg,2,2,2,0,2,0,0,2,0,0
081409.jpg,3,3,3,0,2,1,1,2,1,1
081416.jpg,3,4,4,0,3,1,0,3,1,0
081418.jpg,1,1,1,0,1,0,0,1,0,0
081419.jpg,3,3,3,0,1,2,2,1,2,2
081425.jpg,1,1,1,0,1,0,0,1,0,0
081433.jpg,3,3,3,0,3,0,0,3,0,0
081443.jpg,2,2,2,0,1,1,1,1,1,1
081461.jpg,3,2,2,0,2,0,1,2,0,1
081463.jpg,4,4,4,0,2,2,2,2,2,2
081464.jpg,2,2,2,0,2,0,0,2,0,0
081473.jpg,2,2,2,0,2,0,0,2,0,0
081477.jpg,4,5,5,0,2,3,2,2,3,2
081478.jpg,4,4,4,0,3,1,1,3,1,1
081487.jpg,3,1,1,0,1,0,2,1,0,2
081492.jpg,4,4,4,0,3,1,1,3,1,1
081502.jpg,1,1,1,0,0,1,1,0,1,1
081510.jpg,3,0,0,0,0,0,3,0,0,3
081513.jpg,1,1,1,0,0,1,1,0,1,1
081521.jpg,3,2,2,0,2,0,1,2,0,1
081523.jpg,2,0,0,0,0,0,2,0,0,2
081524.jpg,2,2,2,0,2,0,0,2,0,0
090001.jpg,4,3,3,0,2,1,2,2,1,2
090006.jpg,4,4,3,1,4,0,0,3,0,1
090023.jpg,1,2,2,0,0,2,1,0,2,1
090027.jpg,2,2,2,0,2,0,0,2,0,0
090031.jpg,3,2,2,0,1,1,2,1,1,2
090045.jpg,1,2,2,0,1,1,0,1,1,0
090048.jpg,1,1,1,0,1,0,0,1,0,0
090061.jpg,3,2,2,0,1,1,2,1,1,2
090068.jpg,4,3,3,0,2,1,2,2,1,2
090083.jpg,1,1,1,0,1,0,0,1,0,0
090084.jpg,5,5,4,1,4,1,1,4,0,1
090095.jpg,2,1,1,0,1,0,1,1,0,1
090098.jpg,4,5,5,0,1,4,3,1,4,3
090105.jpg,4,3,3,0,1,2,3,1,2,3
090106.jpg,1,1,1,0,1,0,0,1,0,0
090107.jpg,12,9,8,1,9,0,3,8,0,4
090112.jpg,2,2,2,0,2,0,0,2,0,0
090117.jpg,1,1,1,0,0,1,1,0,1,1
090127.jpg,1,1,1,0,0,1,1,0,1,1
090128.jpg,4,4,4,0,3,1,1,3,1,1
090130.jpg,3,1,1,0,1,0,2,1,0,2
090136.jpg,5,5,5,0,4,1,1,4,1,1
090141.jpg,4,3,2,1,3,0,1,2,0,2
090150.jpg,1,1,1,0,1,0,0,1,0,0
090152.jpg,1,1,1,0,1,0,0,1,0,0
090156.jpg,4,4,4,0,4,0,0,4,0,0
090164.jpg,2,2,2,0,2,0,0,2,0,0
090165.jpg,2,1,1,0,0,1,2,0,1,2
090174.jpg,7,7,7,0,5,2,2,5,2,2
090183.jpg,1,1,0,1,1,0,0,0,0,1
090184.jpg,2,2,2,0,1,1,1,1,1,1
090188.jpg,2,2,2,0,2,0,0,2,0,0
090192.jpg,5,1,0,1,0,1,5,0,0,5
090198.jpg,4,3,3,0,2,1,2,2,1,2
090200.jpg,1,2,2,0,1,1,0,1,1,0
090213.jpg,8,8,8,0,7,1,1,7,1,1
090214.jpg,4,2,2,0,2,0,2,2,0,2
090224.jpg,4,3,3,0,2,1,2,2,1,2
090225.jpg,6,5,5,0,4,1,2,4,1,2
090228.jpg,5,5,5,0,3,2,2,3,2,2
090233.jpg,3,4,4,0,3,1,0,3,1,0
090243.jpg,2,2,2,0,2,0,0,2,0,0
090258.jpg,1,1,1,0,1,0,0,1,0,0
090283.jpg,4,4,4,0,4,0,0,4,0,0
090305.jpg,3,2,2,0,1,1,2,1,1,2
090312.jpg,3,1,1,0,0,1,3,0,1,3
090317.jpg,3,1,1,0,1,0,2,1,0,2
090322.jpg,2,2,2,0,1,1,1,1,1,1
090324.jpg,3,3,2,1,2,1,1,2,0,1
090325.jpg,2,2,2,0,2,0,0,2,0,0
090340.jpg,4,4,4,0,3,1,1,3,1,1
090341.jpg,2,3,2,1,1,2,1,1,1,1
090349.jpg,6,6,6,0,6,0,0,6,0,0
090355.jpg,2,2,2,0,2,0,0,2,0,0
090358.jpg,2,2,2,0,1,1,1,1,1,1
090359.jpg,1,1,1,0,1,0,0,1,0,0
090366.jpg,2,2,2,0,2,0,0,2,0,0
090370.jpg,3,0,0,0,0,0,3,0,0,3
090372.jpg,3,2,2,0,2,0,1,2,0,1
090389.jpg,3,3,3,0,3,0,0,3,0,0
090397.jpg,2,2,2,0,2,0,0,2,0,0
090400.jpg,3,2,2,0,1,1,2,1,1,2
090408.jpg,3,1,1,0,1,0,2,1,0,2
090419.jpg,2,2,2,0,2,0,0,2,0,0
090420.jpg,2,2,1,1,2,0,0,1,0,1
090423.jpg,4,3,3,0,2,1,2,2,1,2
090426.jpg,2,2,2,0,1,1,1,1,1,1
090428.jpg,1,2,2,0,1,1,0,1,1,0
090445.jpg,5,3,3,0,2,1,3,2,1,3
090446.jpg,1,1,1,0,0,1,1,0,1,1
090448.jpg,3,3,3,0,3,0,0,3,0,0
090454.jpg,1,1,1,0,1,0,0,1,0,0
090458.jpg,4,2,2,0,2,0,2,2,0,2
090464.jpg,1,1,1,0,1,0,0,1,0,0
090466.jpg,2,2,2,0,2,0,0,2,0,0
090470.jpg,3,3,3,0,3,0,0,3,0,0
090484.jpg,3,0,0,0,0,0,3,0,0,3
090487.jpg,1,1,1,0,1,0,0,1,0,0
090491.jpg,4,3,2,1,0,3,4,0,2,4
090501.jpg,3,4,4,0,3,1,0,3,1,0
090505.jpg,1,1,1,0,1,0,0,1,0,0
090506.jpg,2,3,3,0,0,3,2,0,3,2
090509.jpg,2,2,2,0,2,0,0,2,0,0
090527.jpg,7,7,7,0,5,2,2,5,2,2
090536.jpg,2,1,1,0,1,0,1,1,0,1
090547.jpg,2,0,0,0,0,0,2,0,0,2
090552.jpg,1,0,0,0,0,0,1,0,0,1
090556.jpg,6,5,5,0,4,1,2,4,1,2
090559.jpg,4,3,3,0,3,0,1,3,0,1
090562.jpg,3,3,3,0,3,0,0,3,0,0
090574.jpg,3,1,1,0,1,0,2,1,0,2
090584.jpg,1,1,1,0,1,0,0,1,0,0
090588.jpg,7,8,7,1,7,1,0,6,1,1
090591.jpg,12,9,8,1,6,3,6,6,2,6
090594.jpg,1,1,1,0,0,1,1,0,1,1
090598.jpg,2,2,2,0,2,0,0,2,0,0
090604.jpg,3,3,3,0,2,1,1,2,1,1
090607.jpg,2,2,2,0,2,0,0,2,0,0
090612.jpg,2,2,2,0,2,0,0,2,0,0
090613.jpg,6,5,4,1,5,0,1,4,0,2
090618.jpg,2,2,2,0,2,0,0,2,0,0
090619.jpg,5,4,4,0,3,1,2,3,1,2
090621.jpg,3,1,1,0,1,0,2,1,0,2
090627.jpg,1,2,2,0,1,1,0,1,1,0
090630.jpg,1,1,1,0,1,0,0,1,0,0
090635.jpg,3,3,3,0,3,0,0,3,0,0
090643.jpg,3,3,2,1,3,0,0,2,0,1
090662.jpg,1,1,1,0,1,0,0,1,0,0
090671.jpg,1,1,1,0,1,0,0,1,0,0
090677.jpg,2,2,2,0,2,0,0,2,0,0
090680.jpg,3,3,2,1,2,1,1,2,0,1
090699.jpg,1,1,1,0,1,0,0,1,0,0
090700.jpg,4,3,3,0,3,0,1,3,0,1
090706.jpg,1,1,1,0,1,0,0,1,0,0
090708.jpg,7,6,6,0,6,0,1,6,0,1
090733.jpg,1,1,1,0,1,0,0,1,0,0
090745.jpg,4,2,2,0,1,1,3,1,1,3
090763.jpg,4,3,3,0,2,1,2,2,1,2
090769.jpg,1,1,1,0,1,0,0,1,0,0
090773.jpg,4,4,4,0,4,0,0,4,0,0
090776.jpg,3,2,2,0,1,1,2,1,1,2
090778.jpg,3,2,1,1,1,1,2,1,0,2
090781.jpg,2,1,1,0,1,0,1,1,0,1
090796.jpg,1,3,3,0,1,2,0,1,2,0
090797.jpg,8,8,8,0,8,0,0,8,0,0
090798.jpg,1,0,0,0,0,0,1,0,0,1
090806.jpg,5,5,5,0,5,0,0,5,0,0
090808.jpg,5,5,5,0,4,1,1,4,1,1
090809.jpg,1,1,1,0,0,1,1,0,1,1
090811.jpg,4,2,2,0,2,0,2,2,0,2
090817.jpg,4,3,3,0,2,1,2,2,1,2
090839.jpg,1,1,1,0,1,0,0,1,0,0
090840.jpg,1,1,1,0,1,0,0,1,0,0
090848.jpg,1,1,1,0,1,0,0,1,0,0
090850.jpg,2,2,2,0,1,1,1,1,1,1
090859.jpg,5,3,3,0,2,1,3,2,1,3
090866.jpg,1,1,1,0,1,0,0,1,0,0
090908.jpg,1,2,1,1,1,1,0,1,0,0
090915.jpg,4,3,3,0,3,0,1,3,0,1
090919.jpg,1,1,1,0,1,0,0,1,0,0
090922.jpg,4,5,5,0,3,2,1,3,2,1
090927.jpg,6,7,7,0,6,1,0,6,1,0
090958.jpg,2,1,1,0,1,0,1,1,0,1
090971.jpg,4,4,4,0,4,0,0,4,0,0
090973.jpg,1,1,1,0,1,0,0,1,0,0
090974.jpg,6,6,5,1,6,0,0,5,0,1
090976.jpg,2,2,2,0,2,0,0,2,0,0
090977.jpg,3,3,3,0,3,0,0,3,0,0
090980.jpg,1,1,1,0,1,0,0,1,0,0
090986.jpg,1,1,1,0,1,0,0,1,0,0
090988.jpg,1,1,1,0,1,0,0,1,0,0
090993.jpg,3,3,3,0,3,0,0,3,0,0
091008.jpg,3,3,3,0,3,0,0,3,0,0
091013.jpg,7,7,7,0,6,1,1,6,1,1
091014.jpg,1,0,0,0,0,0,1,0,0,1
091020.jpg,3,3,3,0,2,1,1,2,1,1
091023.jpg,3,3,3,0,2,1,1,2,1,1
091038.jpg,2,1,1,0,1,0,1,1,0,1
091040.jpg,3,1,1,0,1,0,2,1,0,2
091064.jpg,4,2,2,0,2,0,2,2,0,2
091068.jpg,4,1,1,0,1,0,3,1,0,3
091084.jpg,2,2,1,1,2,0,0,1,0,1
091087.jpg,3,3,3,0,2,1,1,2,1,1
091089.jpg,3,3,3,0,2,1,1,2,1,1
091092.jpg,2,2,2,0,2,0,0,2,0,0
091095.jpg,4,2,2,0,1,1,3,1,1,3
091100.jpg,5,5,4,1,3,2,2,3,1,2
091108.jpg,5,4,4,0,2,2,3,2,2,3
091111.jpg,3,1,1,0,1,0,2,1,0,2
091116.jpg,2,0,0,0,0,0,2,0,0,2
091117.jpg,1,1,1,0,1,0,0,1,0,0
091124.jpg,3,2,2,0,1,1,2,1,1,2
091132.jpg,2,2,2,0,2,0,0,2,0,0
091151.jpg,4,2,2,0,2,0,2,2,0,2
091154.jpg,4,3,3,0,2,1,2,2,1,2
091164.jpg,3,2,2,0,2,0,1,2,0,1
091172.jpg,1,1,1,0,1,0,0,1,0,0
091178.jpg,12,11,10,1,7,4,5,7,3,5
091187.jpg,3,3,3,0,1,2,2,1,2,2
091195.jpg,1,1,1,0,1,0,0,1,0,0
091209.jpg,4,4,3,1,2,2,2,2,1,2
091217.jpg,1,1,1,0,0,1,1,0,1,1
091218.jpg,5,1,1,0,0,1,5,0,1,5
091226.jpg,2,2,2,0,2,0,0,2,0,0
091247.jpg,1,0,0,0,0,0,1,0,0,1
091255.jpg,4,4,4,0,3,1,1,3,1,1
091257.jpg,3,0,0,0,0,0,3,0,0,3
100003.jpg,2,2,2,0,1,1,1,1,1,1
100011.jpg,4,3,3,0,3,0,1,3,0,1
100013.jpg,1,1,1,0,0,1,1,0,1,1
100014.jpg,2,0,0,0,0,0,2,0,0,2
100016.jpg,1,0,0,0,0,0,1,0,0,1
100019.jpg,3,3,3,0,2,1,1,2,1,1
100027.jpg,2,0,0,0,0,0,2,0,0,2
100029.jpg,1,1,1,0,1,0,0,1,0,0
100033.jpg,0,1,1,0,0,1,0,0,1,0
100035.jpg,1,1,1,0,1,0,0,1,0,0
100039.jpg,1,1,1,0,0,1,1,0,1,1
100054.jpg,1,1,1,0,0,1,1,0,1,1
100061.jpg,2,2,2,0,1,1,1,1,1,1
100062.jpg,2,2,2,0,2,0,0,2,0,0
100071.jpg,1,1,1,0,1,0,0,1,0,0
100078.jpg,1,1,1,0,1,0,0,1,0,0
100086.jpg,1,1,1,0,1,0,0,1,0,0
100089.jpg,1,1,1,0,1,0,0,1,0,0
100091.jpg,1,0,0,0,0,0,1,0,0,1
100098.jpg,3,3,3,0,1,2,2,1,2,2
100112.jpg,2,1,1,0,1,0,1,1,0,1
100120.jpg,2,3,3,0,2,1,0,2,1,0
100134.jpg,3,1,1,0,1,0,2,1,0,2
100154.jpg,2,1,1,0,1,0,1,1,0,1
100158.jpg,1,0,0,0,0,0,1,0,0,1
100168.jpg,1,1,1,0,1,0,0,1,0,0
100176.jpg,4,3,2,1,3,0,1,2,0,2
100183.jpg,1,1,1,0,1,0,0,1,0,0
100208.jpg,2,2,2,0,2,0,0,2,0,0
100242.jpg,2,2,2,0,1,1,1,1,1,1
100251.jpg,2,2,2,0,2,0,0,2,0,0
100262.jpg,2,2,2,0,1,1,1,1,1,1
100269.jpg,1,1,1,0,1,0,0,1,0,0
100271.jpg,2,1,1,0,1,0,1,1,0,1
100285.jpg,1,1,1,0,1,0,0,1,0,0
100292.jpg,1,1,1,0,0,1,1,0,1,1
100298.jpg,3,3,3,0,3,0,0,3,0,0
100299.jpg,1,1,1,0,1,0,0,1,0,0
100310.jpg,2,1,1,0,1,0,1,1,0,1
100315.jpg,2,3,3,0,2,1,0,2,1,0
100319.jpg,2,2,2,0,1,1,1,1,1,1
100324.jpg,2,2,2,0,2,0,0,2,0,0
100330.jpg,1,1,1,0,1,0,0,1,0,0
100334.jpg,2,2,2,0,1,1,1,1,1,1
100335.jpg,2,2,2,0,2,0,0,2,0,0
100347.jpg,1,1,1,0,0,1,1,0,1,1
100348.jpg,2,1,1,0,1,0,1,1,0,1
100352.jpg,3,2,2,0,0,2,3,0,2,3
100353.jpg,2,0,0,0,0,0,2,0,0,2
100357.jpg,2,2,2,0,2,0,0,2,0,0
100359.jpg,2,1,1,0,0,1,2,0,1,2
100367.jpg,1,1,1,0,1,0,0,1,0,0
100379.jpg,1,1,1,0,1,0,0,1,0,0
100381.jpg,1,1,1,0,1,0,0,1,0,0
100383.jpg,1,2,2,0,1,1,0,1,1,0
100402.jpg,1,1,1,0,1,0,0,1,0,0
100409.jpg,1,1,1,0,1,0,0,1,0,0
100411.jpg,5,3,3,0,3,0,2,3,0,2
100412.jpg,2,1,1,0,1,0,1,1,0,1
100413.jpg,2,1,1,0,1,0,1,1,0,1
100423.jpg,3,2,2,0,2,0,1,2,0,1
100440.jpg,1,1,0,1,1,0,0,0,0,1
100445.jpg,1,1,1,0,1,0,0,1,0,0
100456.jpg,1,2,1,1,1,1,0,1,0,0
100465.jpg,1,1,1,0,0,1,1,0,1,1
100471.jpg,3,3,3,0,1,2,2,1,2,2
100473.jpg,2,2,2,0,2,0,0,2,0,0
100476.jpg,1,1,1,0,1,0,0,1,0,0
100477.jpg,4,4,3,1,2,2,2,2,1,2
100478.jpg,1,1,1,0,1,0,0,1,0,0
100480.jpg,1,1,1,0,1,0,0,1,0,0
100484.jpg,4,3,2,1,3,0,1,2,0,2
100504.jpg,2,1,1,0,0,1,2,0,1,2
100517.jpg,1,0,0,0,0,0,1,0,0,1
100518.jpg,4,4,4,0,4,0,0,4,0,0
100522.jpg,4,2,2,0,1,1,3,1,1,3
100531.jpg,5,3,3,0,3,0,2,3,0,2
100532.jpg,2,1,1,0,0,1,2,0,1,2
100538.jpg,1,1,1,0,1,0,0,1,0,0
100542.jpg,1,1,1,0,0,1,1,0,1,1
100557.jpg,2,1,1,0,1,0,1,1,0,1
100566.jpg,2,2,2,0,2,0,0,2,0,0
100572.jpg,1,1,1,0,1,0,0,1,0,0
100577.jpg,2,2,2,0,2,0,0,2,0,0
100584.jpg,4,5,5,0,4,1,0,4,1,0
100585.jpg,2,1,1,0,0,1,2,0,1,2
100594.jpg,1,1,1,0,1,0,0,1,0,0
100599.jpg,2,4,4,0,2,2,0,2,2,0
100602.jpg,1,1,1,0,1,0,0,1,0,0
100605.jpg,1,1,1,0,1,0,0,1,0,0
100630.jpg,4,3,3,0,3,0,1,3,0,1
100652.jpg,2,1,1,0,1,0,1,1,0,1
100653.jpg,3,3,3,0,2,1,1,2,1,1
100655.jpg,3,3,3,0,3,0,0,3,0,0
100660.jpg,1,0,0,0,0,0,1,0,0,1
100665.jpg,3,3,3,0,3,0,0,3,0,0
100669.jpg,4,3,3,0,3,0,1,3,0,1
100670.jpg,1,1,1,0,0,1,1,0,1,1
100675.jpg,1,1,1,0,1,0,0,1,0,0
100684.jpg,3,3,3,0,3,0,0,3,0,0
100693.jpg,2,2,2,0,1,1,1,1,1,1
100699.jpg,3,4,4,0,2,2,1,2,2,1
100703.jpg,1,1,1,0,0,1,1,0,1,1
100711.jpg,2,2,2,0,2,0,0,2,0,0
100716.jpg,1,1,0,1,1,0,0,0,0,1
100717.jpg,2,2,2,0,1,1,1,1,1,1
100719.jpg,1,1,1,0,1,0,0,1,0,0
100724.jpg,3,2,2,0,1,1,2,1,1,2
100726.jpg,3,2,2,0,1,1,2,1,1,2
100734.jpg,1,1,1,0,1,0,0,1,0,0
100738.jpg,1,1,1,0,0,1,1,0,1,1
100752.jpg,1,0,0,0,0,0,1,0,0,1
100758.jpg,2,2,2,0,2,0,0,2,0,0
100771.jpg,4,3,3,0,2,1,2,2,1,2
100778.jpg,2,1,1,0,0,1,2,0,1,2
100779.jpg,1,1,1,0,1,0,0,1,0,0
100794.jpg,1,1,1,0,1,0,0,1,0,0
100805.jpg,1,1,1,0,1,0,0,1,0,0
100806.jpg,5,5,5,0,4,1,1,4,1,1
100809.jpg,5,5,5,0,4,1,1,4,1,1
100812.jpg,1,1,1,0,1,0,0,1,0,0
100818.jpg,2,2,1,1,2,0,0,1,0,1
100821.jpg,2,2,2,0,1,1,1,1,1,1
100829.jpg,1,1,1,0,1,0,0,1,0,0
100831.jpg,2,1,1,0,0,1,2,0,1,2
100834.jpg,2,2,2,0,2,0,0,2,0,0
100836.jpg,1,1,0,1,1,0,0,0,0,1
100843.jpg,1,1,1,0,0,1,1,0,1,1
100844.jpg,3,3,3,0,3,0,0,3,0,0
100850.jpg,1,1,1,0,1,0,0,1,0,0
100854.jpg,1,1,1,0,1,0,0,1,0,0
100863.jpg,2,2,2,0,2,0,0,2,0,0
100866.jpg,5,4,4,0,2,2,3,2,2,3
100890.jpg,2,2,2,0,2,0,0,2,0,0
100898.jpg,2,2,2,0,2,0,0,2,0,0
100907.jpg,2,2,2,0,1,1,1,1,1,1
100911.jpg,1,0,0,0,0,0,1,0,0,1
100923.jpg,2,2,2,0,2,0,0,2,0,0
100924.jpg,3,3,3,0,1,2,2,1,2,2
100926.jpg,4,4,3,1,4,0,0,3,0,1
100928.jpg,5,2,2,0,2,0,3,2,0,3
100929.jpg,1,1,1,0,1,0,0,1,0,0
100932.jpg,1,1,1,0,1,0,0,1,0,0
100935.jpg,2,2,2,0,1,1,1,1,1,1
100937.jpg,3,3,3,0,2,1,1,2,1,1
100944.jpg,1,2,2,0,1,1,0,1,1,0
100959.jpg,1,1,1,0,1,0,0,1,0,0
100961.jpg,5,4,4,0,1,3,4,1,3,4
100966.jpg,2,2,1,1,2,0,0,1,0,1
100967.jpg,1,1,1,0,1,0,0,1,0,0
100968.jpg,4,0,0,0,0,0,4,0,0,4
100985.jpg,1,1,1,0,1,0,0,1,0,0
100989.jpg,5,3,3,0,3,0,2,3,0,2
100996.jpg,1,1,1,0,1,0,0,1,0,0
100997.jpg,3,3,3,0,1,2,2,1,2,2
101005.jpg,1,1,1,0,1,0,0,1,0,0
101008.jpg,2,2,2,0,1,1,1,1,1,1
101014.jpg,1,1,1,0,1,0,0,1,0,0
101029.jpg,3,1,1,0,1,0,2,1,0,2
101030.jpg,2,3,3,0,2,1,0,2,1,0
101031.jpg,1,1,1,0,1,0,0,1,0,0
101034.jpg,2,2,2,0,2,0,0,2,0,0
101036.jpg,1,1,1,0,1,0,0,1,0,0
101037.jpg,3,2,2,0,2,0,1,2,0,1
101043.jpg,3,3,2,1,3,0,0,2,0,1
101045.jpg,1,1,1,0,0,1,1,0,1,1
101051.jpg,2,2,2,0,1,1,1,1,1,1
101052.jpg,4,3,3,0,3,0,1,3,0,1
101056.jpg,2,3,3,0,2,1,0,2,1,0
101059.jpg,3,2,2,0,1,1,2,1,1,2
101061.jpg,1,1,1,0,1,0,0,1,0,0
101077.jpg,1,1,1,0,1,0,0,1,0,0
101097.jpg,2,4,2,2,0,4,2,0,2,2
101108.jpg,2,2,2,0,2,0,0,2,0,0
101134.jpg,2,2,2,0,2,0,0,2,0,0
101136.jpg,3,3,3,0,3,0,0,3,0,0
101143.jpg,2,2,2,0,2,0,0,2,0,0
101147.jpg,2,3,3,0,2,1,0,2,1,0
101152.jpg,1,1,1,0,1,0,0,1,0,0
101161.jpg,2,2,2,0,1,1,1,1,1,1
101166.jpg,1,1,1,0,1,0,0,1,0,0
101174.jpg,2,2,2,0,0,2,2,0,2,2
101178.jpg,1,1,1,0,0,1,1,0,1,1
101190.jpg,2,2,2,0,1,1,1,1,1,1
101191.jpg,3,0,0,0,0,0,3,0,0,3
101197.jpg,1,1,0,1,1,0,0,0,0,1
101198.jpg,4,2,2,0,1,1,3,1,1,3
101221.jpg,1,1,1,0,1,0,0,1,0,0
101223.jpg,1,1,1,0,1,0,0,1,0,0
101225.jpg,1,0,0,0,0,0,1,0,0,1
101226.jpg,3,2,2,0,2,0,1,2,0,1
101227.jpg,3,3,2,1,2,1,1,2,0,1
101231.jpg,3,3,3,0,3,0,0,3,0,0
101242.jpg,2,2,2,0,1,1,1,1,1,1
101243.jpg,3,2,2,0,2,0,1,2,0,1
101244.jpg,3,1,1,0,1,0,2,1,0,2
101247.jpg,4,4,3,1,4,0,0,3,0,1
101253.jpg,1,1,1,0,1,0,0,1,0,0
101254.jpg,3,1,1,0,1,0,2,1,0,2
101271.jpg,3,2,2,0,1,1,2,1,1,2
101276.jpg,3,3,3,0,2,1,1,2,1,1
101277.jpg,2,1,1,0,1,0,1,1,0,1
101279.jpg,1,1,1,0,1,0,0,1,0,0
101284.jpg,1,1,1,0,1,0,0,1,0,0
101297.jpg,1,1,1,0,1,0,0,1,0,0
101301.jpg,3,3,3,0,3,0,0,3,0,0
101310.jpg,4,4,4,0,3,1,1,3,1,1
110001.jpg,3,4,4,0,3,1,0,3,1,0
110003.jpg,1,1,1,0,1,0,0,1,0,0
110006.jpg,1,2,2,0,1,1,0,1,1,0
110012.jpg,1,2,2,0,1,1,0,1,1,0
110015.jpg,1,1,0,1,1,0,0,0,0,1
110031.jpg,1,1,1,0,1,0,0,1,0,0
110036.jpg,6,5,5,0,5,0,1,5,0,1
110040.jpg,3,3,3,0,3,0,0,3,0,0
110041.jpg,3,3,2,1,3,0,0,2,0,1
110045.jpg,2,2,2,0,2,0,0,2,0,0
110049.jpg,1,1,1,0,1,0,0,1,0,0
110055.jpg,2,2,2,0,2,0,0,2,0,0
110057.jpg,1,1,0,1,1,0,0,0,0,1
110078.jpg,3,3,3,0,3,0,0,3,0,0
110083.jpg,2,2,1,1,2,0,0,1,0,1
110088.jpg,2,2,1,1,2,0,0,1,0,1
110089.jpg,1,1,1,0,1,0,0,1,0,0
110091.jpg,1,1,1,0,1,0,0,1,0,0
110094.jpg,2,2,2,0,2,0,0,2,0,0
110096.jpg,1,1,1,0,1,0,0,1,0,0
110097.jpg,1,1,1,0,1,0,0,1,0,0
110100.jpg,2,2,2,0,2,0,0,2,0,0
110111.jpg,2,2,2,0,2,0,0,2,0,0
110129.jpg,3,3,3,0,3,0,0,3,0,0
110135.jpg,3,3,3,0,3,0,0,3,0,0
110147.jpg,4,4,4,0,3,1,1,3,1,1
110153.jpg,4,4,4,0,4,0,0,4,0,0
110159.jpg,1,1,1,0,1,0,0,1,0,0
110162.jpg,2,2,2,0,2,0,0,2,0,0
110170.jpg,3,3,2,1,3,0,0,2,0,1
110172.jpg,6,6,5,1,6,0,0,5,0,1
110179.jpg,3,3,3,0,3,0,0,3,0,0
110180.jpg,2,2,2,0,2,0,0,2,0,0
110185.jpg,4,6,6,0,4,2,0,4,2,0
110188.jpg,2,3,3,0,2,1,0,2,1,0
110191.jpg,2,2,2,0,2,0,0,2,0,0
110206.jpg,1,1,1,0,0,1,1,0,1,1
110218.jpg,5,5,5,0,5,0,0,5,0,0
110227.jpg,1,1,1,0,1,0,0,1,0,0
110232.jpg,4,4,4,0,4,0,0,4,0,0
110235.jpg,3,2,2,0,2,0,1,2,0,1
110236.jpg,1,0,0,0,0,0,1,0,0,1
110241.jpg,3,5,5,0,3,2,0,3,2,0
110253.jpg,3,2,2,0,2,0,1,2,0,1
110260.jpg,2,1,1,0,1,0,1,1,0,1
110267.jpg,3,2,1,1,2,0,1,1,0,2
110271.jpg,3,3,2,1,3,0,0,2,0,1
110276.jpg,2,2,2,0,2,0,0,2,0,0
110284.jpg,2,2,2,0,2,0,0,2,0,0
110286.jpg,5,3,3,0,3,0,2,3,0,2
110296.jpg,2,2,2,0,2,0,0,2,0,0
110299.jpg,2,2,2,0,2,0,0,2,0,0
110312.jpg,1,1,1,0,1,0,0,1,0,0
110328.jpg,1,1,1,0,1,0,0,1,0,0
110332.jpg,2,2,2,0,2,0,0,2,0,0
110372.jpg,5,5,5,0,5,0,0,5,0,0
110381.jpg,1,1,1,0,1,0,0,1,0,0
110387.jpg,2,1,1,0,1,0,1,1,0,1
110393.jpg,1,1,1,0,1,0,0,1,0,0
110404.jpg,2,2,2,0,2,0,0,2,0,0
110409.jpg,2,2,2,0,2,0,0,2,0,0
110422.jpg,2,2,2,0,2,0,0,2,0,0
110424.jpg,5,5,4,1,5,0,0,4,0,1
110428.jpg,3,4,4,0,3,1,0,3,1,0
110430.jpg,3,3,3,0,3,0,0,3,0,0
110442.jpg,1,1,1,0,1,0,0,1,0,0
110445.jpg,2,2,2,0,2,0,0,2,0,0
110446.jpg,2,2,2,0,2,0,0,2,0,0
110451.jpg,3,3,2,1,3,0,0,2,0,1
110456.jpg,2,2,2,0,2,0,0,2,0,0
110462.jpg,2,2,2,0,2,0,0,2,0,0
110463.jpg,1,2,2,0,1,1,0,1,1,0
110478.jpg,6,6,6,0,6,0,0,6,0,0
110485.jpg,5,6,6,0,5,1,0,5,1,0
120005.jpg,5,3,2,1,3,0,2,2,0,3
120010.jpg,2,2,2,0,2,0,0,2,0,0
120011.jpg,2,2,2,0,1,1,1,1,1,1
120023.jpg,4,4,3,1,2,2,2,2,1,2
120028.jpg,2,0,0,0,0,0,2,0,0,2
120037.jpg,1,0,0,0,0,0,1,0,0,1
120038.jpg,4,3,3,0,2,1,2,2,1,2
120047.jpg,2,1,1,0,0,1,2,0,1,2
120048.jpg,1,1,1,0,1,0,0,1,0,0
120062.jpg,1,1,1,0,1,0,0,1,0,0
120077.jpg,4,4,4,0,2,2,2,2,2,2
120091.jpg,1,1,1,0,1,0,0,1,0,0
120096.jpg,1,1,1,0,0,1,1,0,1,1
120101.jpg,4,1,1,0,1,0,3,1,0,3
120104.jpg,5,5,5,0,4,1,1,4,1,1
120105.jpg,1,1,1,0,1,0,0,1,0,0
120121.jpg,1,1,1,0,1,0,0,1,0,0
120123.jpg,1,1,1,0,1,0,0,1,0,0
120144.jpg,2,1,1,0,0,1,2,0,1,2
120155.jpg,4,4,3,1,3,1,1,2,1,2
120159.jpg,1,1,1,0,0,1,1,0,1,1
120171.jpg,5,5,5,0,5,0,0,5,0,0
120173.jpg,2,2,2,0,2,0,0,2,0,0
120185.jpg,5,4,4,0,2,2,3,2,2,3
120202.jpg,1,1,0,1,1,0,0,0,0,1
120205.jpg,2,2,2,0,2,0,0,2,0,0
120207.jpg,3,1,1,0,1,0,2,1,0,2
120220.jpg,4,4,4,0,3,1,1,3,1,1
120227.jpg,3,1,1,0,0,1,3,0,1,3
120235.jpg,2,1,1,0,0,1,2,0,1,2
120244.jpg,4,3,3,0,2,1,2,2,1,2
120260.jpg,1,1,1,0,0,1,1,0,1,1
120272.jpg,4,2,2,0,2,0,2,2,0,2
120276.jpg,2,0,0,0,0,0,2,0,0,2
120285.jpg,1,1,1,0,1,0,0,1,0,0
120286.jpg,2,2,2,0,1,1,1,1,1,1
120288.jpg,2,1,1,0,0,1,2,0,1,2
120294.jpg,2,1,1,0,0,1,2,0,1,2
120295.jpg,2,2,2,0,2,0,0,2,0,0
120313.jpg,2,2,2,0,2,0,0,2,0,0
120314.jpg,3,3,3,0,3,0,0,3,0,0
120318.jpg,4,2,2,0,1,1,3,1,1,3
120319.jpg,1,1,1,0,0,1,1,0,1,1
120323.jpg,9,6,6,0,1,5,8,1,5,8
120324.jpg,3,1,1,0,1,0,2,1,0,2
120326.jpg,2,3,3,0,2,1,0,2,1,0
120333.jpg,5,5,5,0,4,1,1,4,1,1
120337.jpg,1,1,1,0,1,0,0,1,0,0
120343.jpg,4,3,3,0,2,1,2,2,1,2
120352.jpg,5,4,4,0,3,1,2,3,1,2
120354.jpg,1,1,1,0,1,0,0,1,0,0
120361.jpg,3,3,3,0,2,1,1,2,1,1
120369.jpg,2,2,2,0,1,1,1,1,1,1
120381.jpg,3,2,2,0,1,1,2,1,1,2
120385.jpg,1,0,0,0,0,0,1,0,0,1
120400.jpg,3,1,1,0,0,1,3,0,1,3
120414.jpg,2,2,2,0,2,0,0,2,0,0
120429.jpg,10,9,9,0,5,4,5,5,4,5
120437.jpg,5,2,1,1,2,0,3,1,0,4
120451.jpg,3,3,3,0,2,1,1,2,1,1
130009.jpg,2,2,1,1,2,0,0,1,0,1
130024.jpg,5,5,5,0,4,1,1,4,1,1
130031.jpg,1,1,1,0,1,0,0,1,0,0
130039.jpg,3,3,3,0,3,0,0,3,0,0
130047.jpg,5,4,4,0,3,1,2,3,1,2
130063.jpg,3,3,3,0,3,0,0,3,0,0
130085.jpg,2,2,2,0,1,1,1,1,1,1
130088.jpg,2,2,2,0,2,0,0,2,0,0
130093.jpg,3,2,2,0,2,0,1,2,0,1
130106.jpg,2,1,1,0,1,0,1,1,0,1
130109.jpg,4,4,4,0,3,1,1,3,1,1
130110.jpg,3,3,3,0,3,0,0,3,0,0
130129.jpg,3,4,4,0,2,2,1,2,2,1
130131.jpg,4,3,3,0,2,1,2,2,1,2
130140.jpg,2,1,1,0,1,0,1,1,0,1
130162.jpg,3,3,3,0,2,1,1,2,1,1
130164.jpg,4,4,4,0,3,1,1,3,1,1
130169.jpg,2,2,2,0,2,0,0,2,0,0
130171.jpg,4,3,3,0,3,0,1,3,0,1
130178.jpg,2,2,2,0,2,0,0,2,0,0
130190.jpg,3,3,3,0,3,0,0,3,0,0
130211.jpg,3,2,1,1,2,0,1,1,0,2
130214.jpg,4,4,4,0,4,0,0,4,0,0
130234.jpg,1,1,0,1,1,0,0,0,0,1
130236.jpg,3,3,3,0,3,0,0,3,0,0
130237.jpg,2,2,2,0,2,0,0,2,0,0
130238.jpg,4,4,4,0,4,0,0,4,0,0
130242.jpg,2,2,2,0,2,0,0,2,0,0
130243.jpg,4,4,4,0,3,1,1,3,1,1
130246.jpg,1,1,1,0,1,0,0,1,0,0
130247.jpg,6,5,5,0,4,1,2,4,1,2
130270.jpg,1,1,1,0,1,0,0,1,0,0
130272.jpg,4,3,3,0,2,1,2,2,1,2
130273.jpg,2,2,2,0,2,0,0,2,0,0
130287.jpg,2,2,2,0,1,1,1,1,1,1
130296.jpg,3,3,3,0,3,0,0,3,0,0
130324.jpg,3,3,3,0,2,1,1,2,1,1
130330.jpg,5,5,5,0,5,0,0,5,0,0
130331.jpg,3,3,3,0,3,0,0,3,0,0
130336.jpg,3,2,2,0,2,0,1,2,0,1
130342.jpg,4,6,6,0,3,3,1,3,3,1
130352.jpg,4,4,3,1,2,2,2,1,2,3
130353.jpg,2,2,2,0,1,1,1,1,1,1
130362.jpg,4,3,3,0,3,0,1,3,0,1
130363.jpg,1,3,2,1,1,2,0,1,1,0
130366.jpg,5,4,4,0,4,0,1,4,0,1
130369.jpg,1,1,1,0,1,0,0,1,0,0
130375.jpg,2,2,2,0,1,1,1,1,1,1
130379.jpg,5,4,4,0,4,0,1,4,0,1
130380.jpg,1,1,1,0,1,0,0,1,0,0
130382.jpg,4,2,2,0,2,0,2,2,0,2
130388.jpg,2,2,1,1,2,0,0,1,0,1
130392.jpg,2,2,2,0,1,1,1,1,1,1
130394.jpg,5,5,5,0,5,0,0,5,0,0
130395.jpg,1,1,1,0,1,0,0,1,0,0
130401.jpg,4,3,3,0,2,1,2,2,1,2
130409.jpg,1,1,1,0,0,1,1,0,1,1
130428.jpg,3,3,3,0,2,1,1,2,1,1
130434.jpg,4,3,3,0,3,0,1,3,0,1
130435.jpg,3,3,3,0,2,1,1,2,1,1
130445.jpg,4,4,4,0,3,1,1,3,1,1
130448.jpg,3,3,3,0,3,0,0,3,0,0
130465.jpg,4,2,2,0,2,0,2,2,0,2
130467.jpg,3,3,3,0,2,1,1,2,1,1
130473.jpg,2,2,2,0,2,0,0,2,0,0
130480.jpg,6,6,6,0,3,3,3,3,3,3
130483.jpg,4,4,4,0,3,1,1,3,1,1
130492.jpg,2,2,2,0,2,0,0,2,0,0
130500.jpg,6,6,6,0,6,0,0,6,0,0
140021.jpg,2,2,2,0,2,0,0,2,0,0
140022.jpg,4,3,3,0,2,1,2,2,1,2
140029.jpg,2,2,1,1,1,1,1,1,0,1
140043.jpg,4,3,3,0,2,1,2,2,1,2
140052.jpg,4,4,4,0,4,0,0,4,0,0
140057.jpg,2,2,2,0,2,0,0,2,0,0
140061.jpg,5,4,4,0,4,0,1,4,0,1
140062.jpg,6,5,4,1,4,1,2,3,1,3
140069.jpg,2,2,2,0,2,0,0,2,0,0
140076.jpg,2,2,2,0,2,0,0,2,0,0
140078.jpg,3,2,2,0,1,1,2,1,1,2
140083.jpg,3,3,3,0,3,0,0,3,0,0
140087.jpg,2,3,3,0,2,1,0,2,1,0
140088.jpg,1,1,1,0,0,1,1,0,1,1
140089.jpg,6,5,5,0,5,0,1,5,0,1
140093.jpg,1,1,1,0,1,0,0,1,0,0
140097.jpg,1,1,1,0,0,1,1,0,1,1
140109.jpg,3,3,3,0,3,0,0,3,0,0
140111.jpg,4,4,3,1,3,1,1,3,0,1
140113.jpg,4,1,1,0,1,0,3,1,0,3
140120.jpg,3,3,3,0,2,1,1,2,1,1
140125.jpg,4,2,2,0,2,0,2,2,0,2
140126.jpg,6,3,3,0,3,0,3,3,0,3
140128.jpg,4,3,3,0,3,0,1,3,0,1
140131.jpg,1,2,2,0,1,1,0,1,1,0
140141.jpg,3,3,3,0,3,0,0,3,0,0
140150.jpg,3,3,3,0,2,1,1,2,1,1
140151.jpg,3,3,3,0,3,0,0,3,0,0
140158.jpg,3,2,2,0,2,0,1,2,0,1
140160.jpg,4,3,2,1,3,0,1,2,0,2
140166.jpg,5,5,5,0,5,0,0,5,0,0
140170.jpg,3,1,0,1,0,1,3,0,0,3
140176.jpg,3,2,2,0,1,1,2,1,1,2
140177.jpg,3,3,2,1,3,0,0,2,0,1
140186.jpg,4,5,5,0,4,1,0,4,1,0
140188.jpg,3,3,3,0,3,0,0,3,0,0
140199.jpg,3,2,2,0,0,2,3,0,2,3
140202.jpg,1,1,1,0,1,0,0,1,0,0
140218.jpg,1,1,1,0,1,0,0,1,0,0
140234.jpg,3,3,3,0,3,0,0,3,0,0
140235.jpg,2,2,2,0,2,0,0,2,0,0
140240.jpg,1,1,1,0,1,0,0,1,0,0
140242.jpg,1,1,1,0,1,0,0,1,0,0
140243.jpg,6,5,5,0,4,1,2,4,1,2
140246.jpg,3,3,3,0,3,0,0,3,0,0
140247.jpg,2,2,2,0,2,0,0,2,0,0
140266.jpg,2,2,2,0,1,1,1,1,1,1
140269.jpg,9,8,7,1,7,1,2,7,0,2
140281.jpg,1,1,1,0,1,0,0,1,0,0
140285.jpg,1,1,1,0,1,0,0,1,0,0
140291.jpg,3,2,2,0,1,1,2,1,1,2
140293.jpg,6,3,2,1,3,0,3,2,0,4
140295.jpg,1,1,1,0,0,1,1,0,1,1
140305.jpg,2,2,1,1,2,0,0,1,0,1
140317.jpg,2,1,1,0,1,0,1,1,0,1
140323.jpg,1,1,1,0,1,0,0,1,0,0
140337.jpg,4,3,3,0,3,0,1,3,0,1
140340.jpg,3,3,3,0,2,1,1,2,1,1
140344.jpg,1,1,1,0,1,0,0,1,0,0
140361.jpg,4,3,3,0,2,1,2,2,1,2
140369.jpg,1,1,1,0,1,0,0,1,0,0
140370.jpg,1,1,0,1,1,0,0,0,0,1
140378.jpg,2,2,2,0,2,0,0,2,0,0
140381.jpg,1,1,1,0,1,0,0,1,0,0
140400.jpg,2,2,2,0,2,0,0,2,0,0
140411.jpg,3,4,4,0,3,1,0,3,1,0
140413.jpg,3,1,1,0,1,0,2,1,0,2
140415.jpg,1,1,1,0,0,1,1,0,1,1
140439.jpg,2,2,2,0,0,2,2,0,2,2
140450.jpg,3,3,3,0,3,0,0,3,0,0
140451.jpg,2,2,2,0,2,0,0,2,0,0
140462.jpg,6,5,5,0,4,1,2,4,1,2
140469.jpg,1,1,1,0,0,1,1,0,1,1
140476.jpg,1,1,1,0,1,0,0,1,0,0
140477.jpg,5,4,4,0,4,0,1,4,0,1
140478.jpg,2,2,2,0,1,1,1,1,1,1
140485.jpg,2,2,1,1,2,0,0,1,0,1
140486.jpg,3,2,2,0,2,0,1,2,0,1
140491.jpg,1,1,1,0,1,0,0,1,0,0
140498.jpg,2,2,2,0,2,0,0,2,0,0
140504.jpg,1,1,1,0,1,0,0,1,0,0
140513.jpg,2,2,2,0,2,0,0,2,0,0
140526.jpg,2,2,2,0,1,1,1,1,1,1
140530.jpg,1,1,1,0,0,1,1,0,1,1
140534.jpg,5,5,5,0,4,1,1,4,1,1
140539.jpg,1,1,1,0,1,0,0,1,0,0
140540.jpg,4,2,2,0,1,1,3,1,1,3
140546.jpg,3,2,2,0,2,0,1,2,0,1
140547.jpg,3,3,3,0,2,1,1,2,1,1
140553.jpg,1,1,1,0,1,0,0,1,0,0
140557.jpg,5,3,3,0,3,0,2,3,0,2
150015.jpg,1,1,0,1,0,1,1,0,0,1
150030.jpg,2,2,1,1,2,0,0,1,0,1
150034.jpg,3,3,3,0,2,1,1,2,1,1
150041.jpg,2,2,2,0,2,0,0,2,0,0
150047.jpg,1,1,1,0,1,0,0,1,0,0
150049.jpg,2,2,2,0,2,0,0,2,0,0
150056.jpg,4,2,2,0,1,1,3,1,1,3
150058.jpg,3,3,3,0,2,1,1,2,1,1
150064.jpg,3,3,3,0,3,0,0,3,0,0
150077.jpg,2,2,2,0,2,0,0,2,0,0
150094.jpg,2,2,2,0,2,0,0,2,0,0
150095.jpg,3,2,2,0,2,0,1,2,0,1
150103.jpg,6,5,5,0,5,0,1,5,0,1
150106.jpg,2,2,2,0,2,0,0,2,0,0
150109.jpg,1,1,1,0,1,0,0,1,0,0
150113.jpg,6,4,4,0,4,0,2,4,0,2
150125.jpg,2,1,1,0,1,0,1,1,0,1
150128.jpg,1,1,1,0,1,0,0,1,0,0
150129.jpg,3,3,3,0,3,0,0,3,0,0
150134.jpg,3,3,3,0,3,0,0,3,0,0
150135.jpg,3,3,3,0,3,0,0,3,0,0
150141.jpg,1,1,0,1,1,0,0,0,0,1
150146.jpg,2,1,1,0,1,0,1,1,0,1
150150.jpg,1,1,1,0,1,0,0,1,0,0
150156.jpg,1,1,1,0,1,0,0,1,0,0
150161.jpg,1,1,1,0,1,0,0,1,0,0
150176.jpg,1,1,1,0,1,0,0,1,0,0
150184.jpg,1,1,1,0,1,0,0,1,0,0
150187.jpg,2,2,2,0,1,1,1,1,1,1
150194.jpg,4,3,3,0,3,0,1,3,0,1
150204.jpg,8,8,8,0,7,1,1,7,1,1
150213.jpg,2,2,2,0,2,0,0,2,0,0
150216.jpg,1,1,1,0,1,0,0,1,0,0
150220.jpg,3,2,1,1,1,1,2,1,0,2
150227.jpg,1,1,1,0,1,0,0,1,0,0
150236.jpg,2,2,2,0,2,0,0,2,0,0
150242.jpg,1,1,1,0,1,0,0,1,0,0
150250.jpg,1,1,1,0,1,0,0,1,0,0
150251.jpg,3,3,3,0,3,0,0,3,0,0
150253.jpg,1,1,1,0,1,0,0,1,0,0
150254.jpg,2,1,1,0,1,0,1,1,0,1
150255.jpg,2,2,2,0,1,1,1,1,1,1
150258.jpg,1,1,1,0,1,0,0,1,0,0
150261.jpg,3,2,2,0,0,2,3,0,2,3
150264.jpg,2,2,2,0,1,1,1,1,1,1
150270.jpg,2,1,1,0,1,0,1,1,0,1
150272.jpg,3,2,2,0,1,1,2,1,1,2
150274.jpg,3,3,3,0,3,0,0,3,0,0
150282.jpg,1,1,1,0,1,0,0,1,0,0
150285.jpg,3,2,2,0,2,0,1,2,0,1
150300.jpg,4,3,3,0,3,0,1,3,0,1
150306.jpg,3,3,3,0,3,0,0,3,0,0
150307.jpg,1,1,1,0,1,0,0,1,0,0
150324.jpg,2,2,2,0,2,0,0,2,0,0
150350.jpg,1,1,0,1,0,1,1,0,0,1
150356.jpg,2,1,1,0,1,0,1,1,0,1
150361.jpg,1,1,1,0,1,0,0,1,0,0
150370.jpg,1,1,1,0,1,0,0,1,0,0
150378.jpg,1,1,1,0,1,0,0,1,0,0
150396.jpg,2,2,2,0,1,1,1,1,1,1
150399.jpg,2,3,3,0,2,1,0,2,1,0
150406.jpg,2,2,2,0,2,0,0,2,0,0
150413.jpg,1,1,1,0,1,0,0,1,0,0
150419.jpg,2,1,1,0,1,0,1,1,0,1
150420.jpg,1,1,0,1,1,0,0,0,0,1
150422.jpg,1,0,0,0,0,0,1,0,0,1
150425.jpg,2,2,2,0,2,0,0,2,0,0
150426.jpg,1,1,1,0,1,0,0,1,0,0
150433.jpg,1,1,1,0,0,1,1,0,1,1
150436.jpg,1,1,1,0,1,0,0,1,0,0
150453.jpg,1,1,1,0,1,0,0,1,0,0
150462.jpg,1,1,1,0,0,1,1,0,1,1
150464.jpg,2,2,2,0,2,0,0,2,0,0
150467.jpg,2,2,2,0,1,1,1,1,1,1
150472.jpg,1,1,1,0,1,0,0,1,0,0
150475.jpg,1,1,1,0,1,0,0,1,0,0
150478.jpg,2,2,2,0,1,1,1,1,1,1
150482.jpg,1,1,1,0,1,0,0,1,0,0
150486.jpg,1,1,1,0,1,0,0,1,0,0
150502.jpg,3,2,2,0,2,0,1,2,0,1
150508.jpg,2,2,2,0,1,1,1,1,1,1
150524.jpg,2,2,2,0,1,1,1,1,1,1
150539.jpg,3,3,3,0,3,0,0,3,0,0
150563.jpg,2,2,2,0,2,0,0,2,0,0
150564.jpg,2,2,1,1,2,0,0,1,0,1
150571.jpg,2,2,2,0,2,0,0,2,0,0
150573.jpg,3,0,0,0,0,0,3,0,0,3
150578.jpg,2,1,1,0,0,1,2,0,1,2
150603.jpg,1,1,1,0,1,0,0,1,0,0
160006.jpg,2,2,2,0,2,0,0,2,0,0
160009.jpg,1,1,1,0,1,0,0,1,0,0
160011.jpg,2,2,2,0,2,0,0,2,0,0
160017.jpg,1,1,1,0,1,0,0,1,0,0
160018.jpg,1,1,1,0,1,0,0,1,0,0
160030.jpg,2,2,2,0,2,0,0,2,0,0
160032.jpg,1,1,1,0,0,1,1,0,1,1
160035.jpg,3,2,2,0,1,1,2,1,1,2
160038.jpg,3,2,2,0,2,0,1,2,0,1
160053.jpg,1,2,2,0,1,1,0,1,1,0
160057.jpg,2,2,2,0,2,0,0,2,0,0
160059.jpg,2,2,2,0,1,1,1,1,1,1
160062.jpg,3,4,4,0,3,1,0,3,1,0
160064.jpg,1,0,0,0,0,0,1,0,0,1
160072.jpg,3,2,2,0,2,0,1,2,0,1
160081.jpg,2,1,1,0,1,0,1,1,0,1
160087.jpg,2,2,1,1,2,0,0,1,0,1
160096.jpg,3,1,1,0,1,0,2,1,0,2
160098.jpg,1,2,2,0,1,1,0,1,1,0
160115.jpg,3,2,1,1,2,0,1,1,0,2
160119.jpg,2,2,2,0,1,1,1,1,1,1
160127.jpg,1,2,2,0,0,2,1,0,2,1
160131.jpg,2,3,3,0,1,2,1,1,2,1
160133.jpg,2,3,2,1,2,1,0,1,1,1
160135.jpg,1,1,1,0,1,0,0,1,0,0
160155.jpg,2,3,3,0,2,1,0,2,1,0
160156.jpg,1,2,0,2,1,1,0,0,0,1
160163.jpg,2,2,2,0,1,1,1,1,1,1
160167.jpg,3,3,2,1,3,0,0,2,0,1
160175.jpg,1,2,2,0,1,1,0,1,1,0
160180.jpg,4,2,2,0,2,0,2,2,0,2
160186.jpg,2,2,1,1,2,0,0,1,0,1
160199.jpg,1,1,1,0,1,0,0,1,0,0
160205.jpg,5,4,4,0,3,1,2,3,1,2
160209.jpg,4,3,3,0,2,1,2,2,1,2
160226.jpg,1,1,1,0,1,0,0,1,0,0
160227.jpg,1,0,0,0,0,0,1,0,0,1
160257.jpg,2,1,1,0,1,0,1,1,0,1
160259.jpg,1,0,0,0,0,0,1,0,0,1
160260.jpg,1,1,1,0,1,0,0,1,0,0
160270.jpg,1,1,1,0,1,0,0,1,0,0
160275.jpg,2,1,1,0,1,0,1,1,0,1
160278.jpg,1,1,1,0,1,0,0,1,0,0
160279.jpg,1,1,1,0,1,0,0,1,0,0
160287.jpg,2,1,1,0,1,0,1,1,0,1
160290.jpg,1,1,1,0,1,0,0,1,0,0
160297.jpg,1,1,1,0,1,0,0,1,0,0
160300.jpg,1,1,1,0,1,0,0,1,0,0
160302.jpg,4,2,2,0,2,0,2,2,0,2
160317.jpg,1,1,1,0,1,0,0,1,0,0
160325.jpg,1,1,1,0,1,0,0,1,0,0
160334.jpg,2,2,2,0,2,0,0,2,0,0
160337.jpg,2,2,2,0,1,1,1,1,1,1
160338.jpg,2,1,1,0,1,0,1,1,0,1
160348.jpg,2,2,2,0,1,1,1,1,1,1
160355.jpg,3,3,3,0,3,0,0,3,0,0
160363.jpg,1,1,1,0,1,0,0,1,0,0
160364.jpg,2,2,2,0,2,0,0,2,0,0
160372.jpg,1,1,1,0,0,1,1,0,1,1
160389.jpg,3,3,3,0,3,0,0,3,0,0
160398.jpg,2,1,1,0,1,0,1,1,0,1
160401.jpg,3,2,2,0,2,0,1,2,0,1
160420.jpg,1,1,1,0,1,0,0,1,0,0
160422.jpg,2,1,1,0,0,1,2,0,1,2
160430.jpg,1,2,1,1,1,1,0,1,0,0
160431.jpg,1,1,0,1,1,0,0,0,0,1
160454.jpg,2,2,2,0,2,0,0,2,0,0
160465.jpg,3,3,3,0,2,1,1,2,1,1
160472.jpg,2,2,2,0,2,0,0,2,0,0
160477.jpg,2,2,2,0,2,0,0,2,0,0
160479.jpg,5,4,4,0,4,0,1,4,0,1
160499.jpg,3,3,3,0,2,1,1,2,1,1
160500.jpg,1,1,1,0,1,0,0,1,0,0
160501.jpg,1,0,0,0,0,0,1,0,0,1
160502.jpg,3,3,3,0,3,0,0,3,0,0
160507.jpg,3,3,3,0,3,0,0,3,0,0
160527.jpg,2,1,1,0,1,0,1,1,0,1
160536.jpg,2,2,2,0,1,1,1,1,1,1
160537.jpg,3,3,3,0,3,0,0,3,0,0
160541.jpg,1,1,1,0,1,0,0,1,0,0
160547.jpg,2,1,0,1,1,0,1,0,0,2
160561.jpg,2,2,2,0,2,0,0,2,0,0
160563.jpg,1,2,2,0,1,1,0,1,1,0
160564.jpg,1,1,1,0,1,0,0,1,0,0
160568.jpg,4,4,4,0,3,1,1,3,1,1
160572.jpg,2,2,2,0,1,1,1,1,1,1
170001.jpg,2,1,1,0,1,0,1,1,0,1
170023.jpg,3,3,2,1,2,1,1,2,0,1
170031.jpg,3,4,4,0,2,2,1,2,2,1
170043.jpg,2,2,2,0,2,0,0,2,0,0
170044.jpg,2,1,1,0,0,1,2,0,1,2
170055.jpg,2,1,1,0,1,0,1,1,0,1
170065.jpg,1,1,1,0,0,1,1,0,1,1
170069.jpg,3,3,3,0,1,2,2,1,2,2
170075.jpg,2,2,2,0,2,0,0,2,0,0
170076.jpg,1,2,2,0,0,2,1,0,2,1
170084.jpg,1,0,0,0,0,0,1,0,0,1
170087.jpg,4,3,3,0,3,0,1,3,0,1
170092.jpg,2,2,2,0,1,1,1,1,1,1
170109.jpg,2,1,1,0,1,0,1,1,0,1
170111.jpg,1,1,1,0,1,0,0,1,0,0
170113.jpg,2,2,2,0,2,0,0,2,0,0
170126.jpg,2,1,1,0,0,1,2,0,1,2
170129.jpg,1,2,2,0,1,1,0,1,1,0
170130.jpg,2,2,2,0,2,0,0,2,0,0
170137.jpg,2,2,2,0,1,1,1,1,1,1
170139.jpg,2,2,2,0,2,0,0,2,0,0
170141.jpg,2,2,2,0,1,1,1,1,1,1
170149.jpg,1,1,1,0,1,0,0,1,0,0
170151.jpg,2,2,2,0,2,0,0,2,0,0
170153.jpg,2,1,1,0,1,0,1,1,0,1
170155.jpg,2,2,2,0,1,1,1,1,1,1
170161.jpg,2,2,2,0,2,0,0,2,0,0
170163.jpg,3,2,1,1,1,1,2,1,0,2
170172.jpg,1,0,0,0,0,0,1,0,0,1
170179.jpg,2,2,2,0,2,0,0,2,0,0
170185.jpg,2,0,0,0,0,0,2,0,0,2
170190.jpg,2,2,2,0,0,2,2,0,2,2
170193.jpg,1,1,1,0,1,0,0,1,0,0
170195.jpg,1,0,0,0,0,0,1,0,0,1
170196.jpg,1,1,1,0,1,0,0,1,0,0
170199.jpg,1,0,0,0,0,0,1,0,0,1
170211.jpg,1,2,2,0,1,1,0,1,1,0
170214.jpg,1,1,1,0,0,1,1,0,1,1
170218.jpg,5,3,3,0,2,1,3,2,1,3
170237.jpg,2,2,2,0,1,1,1,1,1,1
170243.jpg,3,3,3,0,2,1,1,2,1,1
170244.jpg,1,2,1,1,1,1,0,1,0,0
170248.jpg,2,1,1,0,1,0,1,1,0,1
170254.jpg,2,2,2,0,2,0,0,2,0,0
170259.jpg,2,3,3,0,2,1,0,2,1,0
170264.jpg,3,2,2,0,1,1,2,1,1,2
170268.jpg,2,2,2,0,2,0,0,2,0,0
170275.jpg,2,2,2,0,2,0,0,2,0,0
170277.jpg,2,2,2,0,2,0,0,2,0,0
170285.jpg,3,2,2,0,2,0,1,2,0,1
170288.jpg,3,2,2,0,2,0,1,2,0,1
170289.jpg,1,1,1,0,1,0,0,1,0,0
170292.jpg,3,1,1,0,1,0,2,1,0,2
170296.jpg,3,3,3,0,3,0,0,3,0,0
170297.jpg,2,1,1,0,0,1,2,0,1,2
170304.jpg,1,1,1,0,1,0,0,1,0,0
170305.jpg,3,2,2,0,2,0,1,2,0,1
170309.jpg,4,4,4,0,4,0,0,4,0,0
170312.jpg,3,3,3,0,2,1,1,2,1,1
170321.jpg,3,2,1,1,1,1,2,1,0,2
170333.jpg,1,0,0,0,0,0,1,0,0,1
170340.jpg,2,0,0,0,0,0,2,0,0,2
170345.jpg,2,2,2,0,2,0,0,2,0,0
170349.jpg,2,2,2,0,0,2,2,0,2,2
170373.jpg,4,4,4,0,4,0,0,4,0,0
170379.jpg,1,1,1,0,0,1,1,0,1,1
170386.jpg,1,1,1,0,1,0,0,1,0,0
170398.jpg,1,1,1,0,1,0,0,1,0,0
170404.jpg,2,2,2,0,2,0,0,2,0,0
170414.jpg,1,1,1,0,1,0,0,1,0,0
170418.jpg,2,1,1,0,1,0,1,1,0,1
170436.jpg,1,1,1,0,1,0,0,1,0,0
170444.jpg,1,1,1,0,1,0,0,1,0,0
170448.jpg,2,2,2,0,1,1,1,1,1,1
170450.jpg,2,2,2,0,1,1,1,1,1,1
170462.jpg,3,2,2,0,0,2,3,0,2,3
170466.jpg,2,1,1,0,1,0,1,1,0,1
170481.jpg,2,2,2,0,2,0,0,2,0,0
170483.jpg,3,3,3,0,3,0,0,3,0,0
170485.jpg,5,4,4,0,3,1,2,3,1,2
170486.jpg,3,2,1,1,2,0,1,1,0,2
170491.jpg,2,0,0,0,0,0,2,0,0,2
170503.jpg,1,1,1,0,1,0,0,1,0,0
170509.jpg,1,1,1,0,1,0,0,1,0,0
180004.jpg,1,1,1,0,1,0,0,1,0,0
180015.jpg,1,3,3,0,1,2,0,1,2,0
180016.jpg,1,1,1,0,1,0,0,1,0,0
180022.jpg,1,1,1,0,1,0,0,1,0,0
180029.jpg,2,2,2,0,2,0,0,2,0,0
180046.jpg,2,2,1,1,2,0,0,1,0,1
180047.jpg,2,2,2,0,2,0,0,2,0,0
180049.jpg,4,3,3,0,3,0,1,3,0,1
180051.jpg,2,1,1,0,1,0,1,1,0,1
180054.jpg,3,2,2,0,2,0,1,2,0,1
180059.jpg,3,3,3,0,2,1,1,2,1,1
180061.jpg,2,0,0,0,0,0,2,0,0,2
180069.jpg,2,2,2,0,1,1,1,1,1,1
180072.jpg,2,1,1,0,1,0,1,1,0,1
180077.jpg,4,4,4,0,4,0,0,4,0,0
180080.jpg,2,2,2,0,2,0,0,2,0,0
180088.jpg,3,3,3,0,2,1,1,2,1,1
180090.jpg,1,1,1,0,0,1,1,0,1,1
180095.jpg,2,2,2,0,2,0,0,2,0,0
180108.jpg,2,2,2,0,2,0,0,2,0,0
180123.jpg,4,2,2,0,1,1,3,1,1,3
180127.jpg,3,4,4,0,3,1,0,3,1,0
180149.jpg,2,2,2,0,2,0,0,2,0,0
180162.jpg,3,3,3,0,2,1,1,2,1,1
180168.jpg,2,0,0,0,0,0,2,0,0,2
180199.jpg,3,3,3,0,3,0,0,3,0,0
180200.jpg,1,2,1,1,1,1,0,1,0,0
180207.jpg,7,5,5,0,5,0,2,5,0,2
180214.jpg,1,0,0,0,0,0,1,0,0,1
180215.jpg,3,2,2,0,2,0,1,2,0,1
180218.jpg,2,2,2,0,2,0,0,2,0,0
180219.jpg,4,4,4,0,3,1,1,3,1,1
180230.jpg,1,2,2,0,1,1,0,1,1,0
180240.jpg,2,1,1,0,1,0,1,1,0,1
180245.jpg,5,5,5,0,5,0,0,5,0,0
180264.jpg,2,2,2,0,1,1,1,1,1,1
180267.jpg,1,1,1,0,1,0,0,1,0,0
180275.jpg,4,4,3,1,4,0,0,3,0,1
180276.jpg,1,1,1,0,0,1,1,0,1,1
180296.jpg,1,1,0,1,1,0,0,0,0,1
180297.jpg,2,5,5,0,2,3,0,2,3,0
180305.jpg,3,3,3,0,3,0,0,3,0,0
180333.jpg,4,4,4,0,2,2,2,2,2,2
180337.jpg,3,3,3,0,3,0,0,3,0,0
180350.jpg,4,3,3,0,2,1,2,2,1,2
180352.jpg,2,2,2,0,2,0,0,2,0,0
180353.jpg,2,3,3,0,1,2,1,1,2,1
180368.jpg,2,1,1,0,1,0,1,1,0,1
180369.jpg,2,2,1,1,2,0,0,1,0,1
180372.jpg,4,5,4,1,4,1,0,4,0,0
180378.jpg,2,3,3,0,2,1,0,2,1,0
180404.jpg,1,1,1,0,1,0,0,1,0,0
250005.jpg,2,2,2,0,2,0,0,2,0,0
250010.jpg,1,1,1,0,1,0,0,1,0,0
250022.jpg,3,3,3,0,2,1,1,2,1,1
250023.jpg,3,3,3,0,3,0,0,3,0,0
250029.jpg,2,1,1,0,1,0,1,1,0,1
250059.jpg,1,1,1,0,1,0,0,1,0,0
250079.jpg,1,1,1,0,1,0,0,1,0,0
250084.jpg,1,1,1,0,1,0,0,1,0,0
250090.jpg,1,1,1,0,1,0,0,1,0,0
250113.jpg,3,2,2,0,2,0,1,2,0,1
250116.jpg,4,3,3,0,3,0,1,3,0,1
250122.jpg,1,1,1,0,1,0,0,1,0,0
250123.jpg,1,1,1,0,1,0,0,1,0,0
250130.jpg,1,1,1,0,0,1,1,0,1,1
250150.jpg,3,3,3,0,2,1,1,2,1,1
250157.jpg,1,1,1,0,1,0,0,1,0,0
250161.jpg,1,1,1,0,1,0,0,1,0,0
250165.jpg,3,2,2,0,1,1,2,1,1,2
250182.jpg,1,1,1,0,1,0,0,1,0,0
250185.jpg,1,1,1,0,1,0,0,1,0,0
250190.jpg,4,3,3,0,3,0,1,3,0,1
250196.jpg,2,2,2,0,1,1,1,1,1,1
250204.jpg,1,1,1,0,1,0,0,1,0,0
250207.jpg,1,1,1,0,1,0,0,1,0,0
250209.jpg,1,1,1,0,0,1,1,0,1,1
250215.jpg,1,1,1,0,1,0,0,1,0,0
250229.jpg,2,2,2,0,1,1,1,1,1,1
250233.jpg,2,1,1,0,1,0,1,1,0,1
250240.jpg,1,1,1,0,1,0,0,1,0,0
250243.jpg,1,1,1,0,1,0,0,1,0,0
250245.jpg,2,2,2,0,2,0,0,2,0,0
250246.jpg,4,5,5,0,4,1,0,4,1,0
250247.jpg,1,1,1,0,1,0,0,1,0,0
250251.jpg,1,1,1,0,1,0,0,1,0,0
250255.jpg,1,1,1,0,1,0,0,1,0,0
250258.jpg,2,1,1,0,1,0,1,1,0,1
250265.jpg,2,2,2,0,2,0,0,2,0,0
250268.jpg,1,1,1,0,1,0,0,1,0,0
250272.jpg,1,1,1,0,0,1,1,0,1,1
250284.jpg,2,0,0,0,0,0,2,0,0,2
250285.jpg,3,3,2,1,3,0,0,2,0,1
250297.jpg,1,1,1,0,1,0,0,1,0,0
250309.jpg,1,1,1,0,1,0,0,1,0,0
250326.jpg,3,2,2,0,2,0,1,2,0,1
250333.jpg,2,2,1,1,2,0,0,1,0,1
250337.jpg,2,2,2,0,2,0,0,2,0,0
250347.jpg,1,1,1,0,1,0,0,1,0,0
250354.jpg,3,3,3,0,2,1,1,2,1,1
250371.jpg,1,1,1,0,1,0,0,1,0,0
250375.jpg,2,2,2,0,2,0,0,2,0,0
250376.jpg,2,2,2,0,1,1,1,1,1,1
250378.jpg,2,2,2,0,2,0,0,2,0,0
250392.jpg,1,1,1,0,0,1,1,0,1,1
250399.jpg,1,1,1,0,0,1,1,0,1,1
250400.jpg,1,0,0,0,0,0,1,0,0,1
250411.jpg,2,3,3,0,2,1,0,2,1,0
